NAICS 1 Code,NAICS 1 Description,Uncoded records,1 - 4 employees,5 - 9 employees,10 - 19 employees,20 - 49 employees,50 - 99 employees,100 - 249 employees,250 - 499 employees,500 - 999 employees,"1,000+ employees",Grand Total
111110,Soybean Farming,,"4,580",241,55,12,6,,2,,,"4,896"
111120,Oilseed (except Soybean) Farming,,188,11,5,3,,,1,,,208
111130,Dry Pea and Bean Farming,,"3,518",95,33,18,1,1,,,,"3,666"
111140,Wheat Farming,,"6,953",406,73,35,6,4,,,,"7,477"
111150,Corn Farming,,"27,229",995,179,71,19,1,1,,,"28,495"
111160,Rice Farming,,785,135,61,15,5,1,,,,"1,002"
111199,All Other Grain Farming,,"15,311",283,71,27,2,2,,,,"15,696"
111211,Potato Farming,1,374,116,70,62,13,2,,1,,639
111219,Other Vegetable (except Potato) and Melon Farming,,"2,985",503,291,224,108,50,15,2,3,"4,181"
111310,Orange Groves,,192,22,6,8,3,3,,,,234
111320,Citrus (except Orange) Groves,,471,94,52,54,12,6,3,,,692
111331,Apple Orchards,,"1,162",226,161,155,43,8,5,,1,"1,761"
111332,Grape Vineyards,1,"1,982",284,126,107,34,14,1,2,1,"2,552"
111333,Strawberry Farming,,178,35,30,29,20,10,2,1,,305
111334,Berry (except Strawberry) Farming,,824,110,59,46,15,6,2,,,"1,062"
111335,Tree Nut Farming,,"1,178",172,89,61,13,4,1,,,"1,518"
111336,Fruit and Tree Nut Combination Farming,,207,16,5,2,,,,,,230
111339,Other Noncitrus Fruit Farming,,"2,862",247,141,120,35,15,5,1,2,"3,428"
111411,Mushroom Production,,219,39,20,30,16,17,6,4,,351
111419,Other Food Crops Grown Under Cover,,484,78,45,38,9,4,2,,,660
111421,Nursery and Tree Production,,"4,316",773,439,360,114,53,10,5,1,"6,071"
111422,Floriculture Production,,"3,491",838,529,347,92,49,7,4,,"5,357"
111910,Tobacco Farming,,"1,756",146,58,18,3,,,,,"1,981"
111920,Cotton Farming,,"2,747",387,122,51,11,6,,1,,"3,325"
111930,Sugarcane Farming,,79,50,32,10,3,2,,,1,177
111940,Hay Farming,,"2,609",131,31,16,5,,,,,"2,792"
111991,Sugar Beet Farming,,418,51,14,6,,,,,,489
111992,Peanut Farming,,321,39,10,5,1,,,,,376
111998,All Other Miscellaneous Crop Farming,2,"121,397","4,279","1,308",649,172,72,27,5,3,"127,914"
112111,Beef Cattle Ranching and Farming,1,"15,669",984,251,115,15,2,,,,"17,037"
112112,Cattle Feedlots,,"9,714",416,197,155,39,6,1,1,,"10,529"
112120,Dairy Cattle and Milk Production,,"16,754","2,131",965,520,80,26,5,3,,"20,484"
112210,Hog and Pig Farming,,"3,800",311,120,79,22,13,2,2,2,"4,351"
112310,Chicken Egg Production,,336,56,52,70,28,22,7,,1,572
112320,Broilers and Other Meat Type Chicken Production,,870,42,18,18,4,10,6,4,2,974
112330,Turkey Production,,481,52,32,25,8,8,,1,1,608
112340,Poultry Hatcheries,,496,34,29,50,16,10,2,3,2,642
112390,Other Poultry Production,,911,44,10,13,5,,1,1,,985
112410,Sheep Farming,,789,48,12,6,1,,,,,856
112420,Goat Farming,,455,17,3,2,,,,,,477
112511,Finfish Farming and Fish Hatcheries,,998,159,82,36,9,3,4,,,"1,291"
112512,Shellfish Farming,,67,8,7,7,,1,,,,90
112519,Other Aquaculture,,225,45,16,11,2,1,,,,300
112910,Apiculture,,"1,316",82,32,12,2,,,,,"1,444"
112920,Horses and Other Equine Production,,"3,344",281,103,60,13,2,1,1,,"3,805"
112930,Fur-Bearing Animal and Rabbit Production,,327,38,9,6,2,,,,,382
112990,All Other Animal Production,,"29,314","1,058",234,113,38,7,3,3,1,"30,771"
113110,Timber Tract Operations,,"1,781",180,51,37,21,7,2,,,"2,079"
113210,Forest Nurseries and Gathering of Forest Products,,858,62,31,21,4,3,,3,,982
113310,Logging,,"5,681","1,518",620,328,62,12,2,,,"8,223"
114111,Finfish Fishing,,385,72,31,21,4,2,,1,,516
114112,Shellfish Fishing,,345,54,30,19,5,,,,,453
114119,Other Marine Fishing,,155,10,6,3,1,,,,,175
114210,Hunting and Trapping,,"1,947",150,82,52,10,5,1,,,"2,247"
115111,Cotton Ginning,,234,179,121,82,5,,,,,621
115112,"Soil Preparation, Planting, and Cultivating",,"3,260",700,299,175,35,13,2,1,1,"4,486"
115113,"Crop Harvesting, Primarily by Machine",,"1,513",198,96,65,19,12,3,2,,"1,908"
115114,Postharvest Crop Activities (except Cotton Ginning),,"1,066",384,222,216,123,87,34,11,5,"2,148"
115115,Farm Labor Contractors and Crew Leaders,,424,54,29,29,23,18,9,2,1,589
115116,Farm Management Services,,"2,486",288,141,98,41,17,2,4,1,"3,078"
115210,Support Activities for Animal Production,,"21,364",664,256,140,29,17,3,2,3,"22,478"
115310,Support Activities for Forestry,,"4,081",561,220,223,70,17,4,,1,"5,177"
211120,Crude Petroleum Extraction,,"3,017",973,605,409,162,103,32,13,18,"5,332"
211130,Natural Gas Extraction,,234,73,56,44,19,8,2,1,,437
212111,Bituminous Coal and Lignite Surface Mining,,187,88,63,68,48,45,23,10,4,536
212112,Bituminous Coal Underground Mining,,39,13,17,25,15,10,7,4,3,133
212113,Anthracite Mining,,25,10,4,12,2,,,,,53
212210,Iron Ore Mining,,55,11,7,5,3,2,2,8,,93
212221,Gold Ore Mining,,203,57,26,28,8,20,7,5,4,358
212222,Silver Ore Mining,,18,7,3,2,4,3,1,,,38
212230,"Copper, Nickel, Lead, and Zinc Mining",,53,25,16,9,11,18,12,6,2,152
212291,Uranium-Radium-Vanadium Ore Mining,,17,13,7,10,5,2,,1,,55
212299,All Other Metal Ore Mining,,31,7,5,3,1,3,1,,5,56
212311,Dimension Stone Mining and Quarrying,,204,86,82,72,22,8,,,,474
212312,Crushed and Broken Limestone Mining and Quarrying,,303,155,234,243,54,35,1,2,,"1,027"
212313,Crushed and Broken Granite Mining and Quarrying,,94,22,37,41,3,4,,,,201
212319,Other Crushed and Broken Stone Mining and Quarrying,,199,69,71,53,19,5,3,,,419
212321,Construction Sand and Gravel Mining,,"1,424",433,313,280,83,13,2,2,,"2,550"
212322,Industrial Sand Mining,,95,32,27,50,21,5,,1,,231
212324,Kaolin and Ball Clay Mining,,13,7,9,6,9,9,1,,,54
212325,Clay and Ceramic and Refractory Minerals Mining,,55,17,15,20,6,3,,1,,117
212391,"Potash, Soda, and Borate Mineral Mining",,11,5,2,4,5,4,5,1,,37
212392,Phosphate Rock Mining,,12,1,,1,4,,,1,,19
212393,Other Chemical and Fertilizer Mineral Mining,,54,7,16,19,4,5,3,2,,110
212399,All Other Nonmetallic Mineral Mining,,139,61,43,28,15,8,3,,,297
213111,Drilling Oil and Gas Wells,,"1,348",354,228,200,112,75,21,10,9,"2,357"
213112,Support Activities for Oil and Gas Operations,,"9,082","2,545","1,723","1,527",654,333,84,28,15,"15,991"
213113,Support Activities for Coal Mining,,206,120,69,60,38,18,19,4,6,540
213114,Support Activities for Metal Mining,,231,49,41,31,14,7,5,2,1,381
213115,Support Activities for Nonmetallic Minerals (except Fuels) Mining,,105,30,14,18,5,8,1,,2,183
221111,Hydroelectric Power Generation,,53,9,5,7,6,4,3,2,1,90
221112,Fossil Fuel Electric Power Generation,,36,12,7,17,22,34,10,3,1,142
221113,Nuclear Electric Power Generation,,8,3,2,5,3,5,,7,3,36
221114,Solar Electric Power Generation,,619,76,54,20,18,6,,,,793
221115,Wind Electric Power Generation,,200,37,26,4,3,4,1,,,275
221116,Geothermal Electric Power Generation,,47,38,13,3,2,1,,,,104
221117,Biomass Electric Power Generation,,69,27,11,8,1,,,,,116
221118,Other Electric Power Generation,4,"9,839","3,598","1,312","1,099",549,432,122,58,45,"17,058"
221121,Electric Bulk Power Transmission and Control,,64,37,38,50,50,37,3,,1,280
221122,Electric Power Distribution,,674,491,545,793,436,230,41,20,10,"3,240"
221210,Natural Gas Distribution,1,"1,436",788,593,444,219,127,47,18,21,"3,694"
221310,Water Supply and Irrigation Systems,,"9,944","2,883","1,600",986,354,193,40,26,10,"16,036"
221320,Sewage Treatment Facilities,,"1,041",435,350,217,90,45,8,7,2,"2,195"
221330,Steam and Air-Conditioning Supply,,235,37,36,31,4,6,,,,349
236115,New Single-Family Housing Construction (except For-Sale Builders),,"332,504","17,190","5,930","2,833",586,244,37,9,4,"359,337"
236116,New Multifamily Housing Construction (except For-Sale Builders),,"24,043","3,647","1,668",853,255,81,19,11,,"30,577"
236117,New Housing For-Sale Builders,,"5,400",775,433,315,117,67,8,4,,"7,119"
236118,Residential Remodelers,,"89,654","6,507","2,672","1,173",190,52,10,3,2,"100,263"
236210,Industrial Building Construction,,"4,183","1,239",969,903,374,185,50,10,2,"7,915"
236220,Commercial and Institutional Building Construction,1,"29,882","9,920","7,314","5,922","1,942",805,173,40,24,"56,023"
237110,Water and Sewer Line and Related Structures Construction,4,"9,517","3,139","2,001","1,686",625,308,56,7,4,"17,347"
237120,Oil and Gas Pipeline and Related Structures Construction,,"1,342",452,305,296,155,103,26,13,14,"2,706"
237130,Power and Communication Line and Related Structures Construction,,940,564,454,428,190,91,14,4,1,"2,686"
237210,Land Subdivision,1,"28,571","3,634","1,694","1,068",371,151,24,19,6,"35,539"
237310,"Highway, Street, and Bridge Construction",1,"15,778","4,478","2,911","2,687","1,179",604,137,35,9,"27,819"
237990,Other Heavy and Civil Engineering Construction,,"4,785","1,079",782,607,230,161,35,19,7,"7,705"
238110,Poured Concrete Foundation and Structure Contractors,1,"25,504","5,768","2,392","1,669",525,165,38,11,3,"36,076"
238120,Structural Steel and Precast Concrete Contractors,,"1,145",525,383,368,142,54,13,1,,"2,631"
238130,Framing Contractors,,"38,298","2,471","1,113",651,140,80,14,6,3,"42,776"
238140,Masonry Contractors,1,"16,479","3,324","1,507","1,100",340,126,15,4,1,"22,897"
238150,Glass and Glazing Contractors,1,"4,357","1,256",799,475,109,34,1,,,"7,032"
238160,Roofing Contractors,,"35,673","4,524","2,616","1,932",529,171,16,7,1,"45,469"
238170,Siding Contractors,,"3,725",419,224,124,22,7,1,,,"4,522"
238190,"Other Foundation, Structure, and Building Exterior Contractors",,"1,548",297,148,165,68,38,6,1,,"2,271"
238210,Electrical Contractors and Other Wiring Installation Contractors,1,"87,725","13,841","7,667","5,442","1,777",832,150,53,17,"117,505"
238220,"Plumbing, Heating, and Air-Conditioning Contractors",3,"142,865","21,750","11,065","6,970","2,023",767,139,37,13,"185,632"
238290,Other Building Equipment Contractors,,"1,395",532,360,279,125,50,4,2,,"2,747"
238310,Drywall and Insulation Contractors,,"21,751","3,671","1,843","1,711",573,280,54,14,5,"29,902"
238320,Painting and Wall Covering Contractors,,"83,724","4,414","2,243","1,477",335,95,18,4,1,"92,311"
238330,Flooring Contractors,1,"12,084","1,546",886,493,87,33,6,,,"15,136"
238340,Tile and Terrazzo Contractors,,"20,276","1,050",569,389,103,29,5,1,,"22,422"
238350,Finish Carpentry Contractors,,"9,618","1,159",670,337,73,28,5,,1,"11,891"
238390,Other Building Finishing Contractors,,"8,668",956,499,328,92,27,,1,,"10,571"
238910,Site Preparation Contractors,,"28,920","5,040","2,853","1,825",514,211,24,3,2,"39,392"
238990,All Other Specialty Trade Contractors,,"117,699","10,716","5,247","3,374",722,248,36,12,6,"138,060"
311111,Dog and Cat Food Manufacturing,,224,52,43,53,35,42,9,2,1,461
311119,Other Animal Food Manufacturing,,644,319,314,343,93,39,9,,5,"1,766"
311211,Flour Milling,,228,128,93,132,74,51,9,2,3,720
311212,Rice Milling,,68,14,12,22,21,9,6,,,152
311213,Malt Manufacturing,,30,14,7,6,3,2,,,,62
311221,Wet Corn Milling,,119,22,17,15,14,13,4,2,1,207
311224,Soybean and Other Oilseed Processing,1,56,21,21,16,20,17,1,,1,154
311225,Fats and Oils Refining and Blending,,467,64,41,26,16,26,4,,1,645
311230,Breakfast Cereal Manufacturing,,190,37,32,26,25,25,28,15,,378
311313,Beet Sugar Manufacturing,,16,3,4,9,9,11,7,4,,63
311314,Cane Sugar Manufacturing,,40,20,9,14,14,8,6,3,,114
311340,Nonchocolate Confectionery Manufacturing,,718,237,166,117,57,47,17,21,1,"1,381"
311351,Chocolate and Confectionery Manufacturing from Cacao Beans,,331,95,51,45,12,17,16,2,1,570
311352,Confectionery Manufacturing from Purchased Chocolate,,204,55,29,18,11,5,3,1,,326
311411,"Frozen Fruit, Juice, and Vegetable Manufacturing",1,244,84,46,41,37,34,17,14,2,520
311412,Frozen Specialty Food Manufacturing,,237,85,82,99,38,60,35,11,10,657
311421,Fruit and Vegetable Canning,,"1,016",170,121,139,100,93,50,17,3,"1,709"
311422,Specialty Canning,,315,93,58,56,21,16,13,8,1,581
311423,Dried and Dehydrated Food Manufacturing,,154,30,35,37,35,14,7,7,,319
311511,Fluid Milk Manufacturing,,201,101,94,77,62,97,32,5,2,671
311512,Creamery Butter Manufacturing,,125,45,9,4,16,5,,,,204
311513,Cheese Manufacturing,,223,99,64,79,88,92,29,7,2,683
311514,"Dry, Condensed, and Evaporated Dairy Product Manufacturing",,479,128,98,86,55,54,13,2,2,917
311520,Ice Cream and Frozen Dessert Manufacturing,1,737,315,174,91,27,25,14,4,2,"1,390"
311611,Animal (except Poultry) Slaughtering,,"1,017",444,199,190,89,92,47,33,27,"2,138"
311612,Meat Processed from Carcasses,,583,227,159,171,93,92,77,26,2,"1,430"
311613,Rendering and Meat Byproduct Processing,,119,44,35,62,33,12,2,1,1,309
311615,Poultry Processing,1,179,73,78,101,65,96,72,58,46,769
311710,Seafood Product Preparation and Packaging,,324,128,78,108,61,69,29,1,1,799
311811,Retail Bakeries,,"17,158","2,708",951,390,74,58,15,6,3,"21,363"
311812,Commercial Bakeries,,"2,368",650,392,349,168,163,57,16,2,"4,165"
311813,"Frozen Cakes, Pies, and Other Pastries Manufacturing",,117,51,20,20,9,20,3,12,1,253
311821,Cookie and Cracker Manufacturing,1,330,113,64,71,52,43,12,13,5,704
311824,"Dry Pasta, Dough, and Flour Mixes Manufacturing from Purchased Flour",,298,97,70,41,16,34,5,,,561
311830,Tortilla Manufacturing,,283,179,41,74,34,21,3,1,,636
311911,Roasted Nuts and Peanut Butter Manufacturing,,112,34,29,35,21,13,5,2,,251
311919,Other Snack Food Manufacturing,,209,81,80,86,45,47,25,13,7,593
311920,Coffee and Tea Manufacturing,2,531,169,108,82,35,28,8,2,,965
311930,Flavoring Syrup and Concentrate Manufacturing,,135,46,38,42,22,7,6,,1,297
311941,"Mayonnaise, Dressing, and Other Prepared Sauce Manufacturing",,340,73,38,43,31,28,9,2,1,565
311942,Spice and Extract Manufacturing,,881,158,121,97,64,38,9,1,,"1,369"
311991,Perishable Prepared Food Manufacturing,,175,55,39,41,29,29,11,5,1,385
311999,All Other Miscellaneous Food Manufacturing,,"2,011",576,353,297,188,147,47,15,3,"3,637"
312111,Soft Drink Manufacturing,,862,417,246,446,393,352,84,34,13,"2,847"
312112,Bottled Water Manufacturing,,290,92,53,39,15,6,2,,2,499
312113,Ice Manufacturing,,227,108,112,89,15,1,2,,,554
312120,Breweries,5,"1,226",483,234,189,86,74,10,5,5,"2,317"
312130,Wineries,,"4,978",980,441,278,76,35,7,3,2,"6,800"
312140,Distilleries,,838,264,102,47,15,17,9,3,1,"1,296"
312230,Tobacco Manufacturing,,273,71,37,33,27,35,7,6,3,492
313110,"Fiber, Yarn, and Thread Mills",,479,62,43,43,42,59,24,9,5,766
313210,Broadwoven Fabric Mills,,"3,261",397,222,188,104,106,43,13,3,"4,337"
313220,Narrow Fabric Mills and Schiffli Machine Embroidery,,209,77,52,57,34,20,5,3,,457
313230,Nonwoven Fabric Mills,,66,23,26,48,32,22,5,3,3,228
313240,Knit Fabric Mills,,95,28,30,31,12,8,6,,1,211
313310,Textile and Fabric Finishing Mills,,602,232,143,119,41,41,7,2,,"1,187"
313320,Fabric Coating Mills,,159,60,38,50,26,33,4,,,370
314110,Carpet and Rug Mills,,601,119,85,84,37,54,31,13,3,"1,027"
314120,Curtain and Linen Mills,,993,232,166,154,73,44,10,2,,"1,674"
314910,Textile Bag and Canvas Mills,,"1,179",377,255,185,60,38,9,2,,"2,105"
314994,"Rope, Cordage, Twine, Tire Cord, and Tire Fabric Mills",,143,65,72,57,23,13,4,1,,378
314999,All Other Miscellaneous Textile Product Mills,,"9,051",910,527,321,114,77,19,5,2,"11,026"
315110,Hosiery and Sock Mills,2,428,85,47,47,21,21,9,1,1,662
315190,Other Apparel Knitting Mills,,505,123,51,64,28,19,6,4,4,804
315210,Cut and Sew Apparel Contractors,,192,58,32,40,28,26,16,5,,397
315220,Men's and Boys's Cut and Sew Apparel Manufacturing,,"1,909",407,250,239,108,84,25,14,7,"3,043"
315240,"Women's, Girls', and Infants' Cut and Sew Apparel Manufacturing",,"2,445",471,313,297,143,122,27,8,3,"3,829"
315280,Other Cut and Sew Apparel Manufacturing,,636,134,105,90,31,30,6,2,,"1,034"
315990,Apparel Accessories and Other Apparel Manufacturing,1,"1,966",237,136,135,66,33,17,2,1,"2,594"
316110,Leather and Hide Tanning and Finishing,,577,71,36,32,19,5,1,,1,742
316210,Footwear Manufacturing,,368,77,96,70,31,32,19,4,3,700
316992,Women's Handbag and Purse Manufacturing,,250,24,24,15,6,2,1,,2,324
316998,All Other Leather Good and Allied Product Manufacturing,,"2,637",258,149,118,45,26,6,,3,"3,242"
321113,Sawmills,,"1,067",415,323,357,172,139,30,3,,"2,506"
321114,Wood Preservation,,295,108,100,105,48,18,5,,1,680
321211,Hardwood Veneer and Plywood Manufacturing,,99,40,33,38,45,30,13,2,2,302
321212,Softwood Veneer and Plywood Manufacturing,,14,6,12,9,17,17,11,1,,87
321213,Engineered Wood Member (except Truss) Manufacturing,,29,11,10,10,5,2,,,,67
321214,Truss Manufacturing,,237,151,162,178,108,48,8,2,,894
321219,Reconstituted Wood Product Manufacturing,,117,52,32,41,30,46,5,4,3,330
321911,Wood Window and Door Manufacturing,,593,213,189,187,93,65,32,11,4,"1,387"
321912,"Cut Stock, Resawing Lumber, and Planing",,619,216,160,186,66,43,6,2,2,"1,300"
321918,Other Millwork (including Flooring),,"11,832",779,629,458,171,96,22,7,3,"13,997"
321920,Wood Container and Pallet Manufacturing,,"1,381",644,481,499,178,56,5,2,,"3,246"
321991,Manufactured Home (Mobile Home) Manufacturing,,396,105,48,29,20,44,11,4,1,658
321992,Prefabricated Wood Building Manufacturing,,656,174,121,99,58,32,8,1,1,"1,150"
321999,All Other Miscellaneous Wood Product Manufacturing,1,"3,505",479,272,254,83,35,8,2,,"4,639"
322110,Pulp Mills,,197,56,36,33,19,13,12,7,2,375
322121,Paper (except Newsprint) Mills,,964,204,148,174,120,202,61,48,10,"1,931"
322122,Newsprint Mills,,15,4,3,,,4,3,2,,31
322130,Paperboard Mills,,245,104,67,118,100,111,32,11,3,791
322211,Corrugated and Solid Fiber Box Manufacturing,1,407,188,178,301,300,320,38,8,2,"1,743"
322212,Folding Paperboard Box Manufacturing,,28,21,12,42,30,39,10,2,1,185
322219,Other Paperboard Container Manufacturing,,260,108,80,120,83,40,7,4,1,703
322220,Paper Bag and Coated and Treated Paper Manufacturing,,557,226,220,245,154,192,54,11,9,"1,668"
322230,Stationery Product Manufacturing,,183,49,43,53,54,27,9,2,2,422
322291,Sanitary Paper Product Manufacturing,,174,43,26,32,35,20,12,13,4,359
322299,All Other Converted Paper Product Manufacturing,,455,205,203,221,105,62,16,4,1,"1,272"
323111,Commercial Printing (except Screen and Books),1,"29,033","6,875","4,309","3,003",919,585,131,68,13,"44,937"
323113,Commercial Screen Printing,,"4,949",918,433,300,68,38,5,1,,"6,712"
323117,Books Printing,,243,54,32,28,14,14,9,4,1,399
323120,Support Activities for Printing,,959,266,189,220,78,39,3,1,,"1,755"
324110,Petroleum Refineries,,837,292,160,164,77,58,37,21,14,"1,660"
324121,Asphalt Paving Mixture and Block Manufacturing,,666,334,179,149,51,35,6,1,1,"1,422"
324122,Asphalt Shingle and Coating Materials Manufacturing,,317,101,63,58,29,24,6,2,,600
324191,Petroleum Lubricating Oil and Grease Manufacturing,1,312,117,111,85,43,17,3,4,,693
324199,All Other Petroleum and Coal Products Manufacturing,,97,25,13,9,10,12,,1,,167
325110,Petrochemical Manufacturing,,"1,022",366,81,51,19,17,2,2,,"1,560"
325120,Industrial Gas Manufacturing,,713,190,171,210,61,27,9,4,2,"1,387"
325130,Synthetic Dye and Pigment Manufacturing,,95,58,37,46,34,26,4,3,1,304
325180,Other Basic Inorganic Chemical Manufacturing,3,"1,252",416,324,335,190,170,47,18,13,"2,768"
325193,Ethyl Alcohol Manufacturing,,53,22,17,84,29,7,,1,,213
325194,"Cyclic Crude, Intermediate, and Gum and Wood Chemical Manufacturing",,116,22,21,21,14,16,1,,,211
325199,All Other Basic Organic Chemical Manufacturing,,756,306,199,230,138,142,38,17,9,"1,835"
325211,Plastics Material and Resin Manufacturing,,904,359,344,395,251,189,59,24,9,"2,534"
325212,Synthetic Rubber Manufacturing,,94,55,38,34,16,17,6,4,2,266
325220,Artificial and Synthetic Fibers and Filaments Manufacturing,1,85,38,33,29,20,18,5,5,,234
325311,Nitrogenous Fertilizer Manufacturing,1,196,100,55,68,21,26,6,1,,474
325312,Phosphatic Fertilizer Manufacturing,,26,28,18,18,8,9,5,1,,113
325314,Fertilizer (Mixing Only) Manufacturing,,328,117,63,58,23,5,2,1,,597
325320,Pesticide and Other Agricultural Chemical Manufacturing,,572,129,113,94,47,37,15,3,3,"1,013"
325411,Medicinal and Botanical Manufacturing,,727,176,120,106,48,29,13,4,3,"1,226"
325412,Pharmaceutical Preparation Manufacturing,3,"3,936","1,498",963,947,540,504,164,94,54,"8,703"
325413,In-Vitro Diagnostic Substance Manufacturing,,113,30,17,11,2,5,4,,,182
325414,Biological Product (except Diagnostic) Manufacturing,,"1,216",276,139,132,65,61,17,8,4,"1,918"
325510,Paint and Coating Manufacturing,1,"1,011",382,287,435,81,63,16,7,5,"2,288"
325520,Adhesive Manufacturing,,494,196,178,177,101,67,16,10,,"1,239"
325611,Soap and Other Detergent Manufacturing,,806,138,106,82,35,38,20,5,4,"1,234"
325612,Polish and Other Sanitation Good Manufacturing,,"1,041",335,255,190,97,66,9,2,4,"1,999"
325613,Surface Active Agent Manufacturing,,87,21,18,22,8,5,2,,,163
325620,Toilet Preparation Manufacturing,,"2,879",427,292,257,120,129,50,26,5,"4,185"
325910,Printing Ink Manufacturing,,304,100,100,84,32,18,,1,,639
325920,Explosives Manufacturing,,120,33,25,36,13,14,3,1,,245
325991,Custom Compounding of Purchased Resins,,37,24,18,29,26,15,4,,,153
325992,"Photographic Film, Paper, Plate, and Chemical Manufacturing",,184,50,26,27,25,8,5,1,,326
325998,All Other Miscellaneous Chemical Product and Preparation Manufacturing,,"1,827",493,380,357,158,97,25,8,3,"3,348"
326111,Plastics Bag and Pouch Manufacturing,,91,56,59,70,48,43,10,2,1,380
326112,Plastics Packaging Film and Sheet (including Laminated) Manufacturing,,61,27,21,21,18,22,9,,,179
326113,Unlaminated Plastics Film and Sheet (except Packaging) Manufacturing,,187,132,131,133,100,100,25,12,6,826
326121,Unlaminated Plastics Profile Shape Manufacturing,,57,41,26,28,27,19,6,,1,205
326122,Plastics Pipe and Pipe Fitting Manufacturing,,89,42,59,77,70,42,7,2,1,389
326130,"Laminated Plastics Plate, Sheet (except Packaging), and Shape Manufacturing",,109,62,63,85,39,27,4,2,,391
326140,Polystyrene Foam Product Manufacturing,,27,7,2,4,5,12,3,,2,62
326150,Urethane and Other Foam Product (except Polystyrene) Manufacturing,,385,149,169,255,136,124,22,6,3,"1,249"
326160,Plastics Bottle Manufacturing,,78,36,37,43,38,42,7,1,3,285
326191,Plastics Plumbing Fixture Manufacturing,,128,57,41,39,27,28,6,2,,328
326199,All Other Plastics Product Manufacturing,1,"3,180","1,598","1,373","1,655","1,034",917,249,62,25,"10,094"
326211,Tire Manufacturing (except Retreading),,288,63,47,36,19,15,17,5,5,495
326212,Tire Retreading,,65,18,19,18,5,,,,,125
326220,Rubber and Plastics Hoses and Belting Manufacturing,,105,66,52,44,29,48,15,5,2,366
326291,Rubber Product Manufacturing for Mechanical Use,,69,28,44,41,28,33,8,2,,253
326299,All Other Rubber Product Manufacturing,,661,279,290,304,144,140,26,4,5,"1,853"
327110,"Pottery, Ceramics, and Plumbing Fixture Manufacturing",,"1,053",117,68,65,29,32,12,2,3,"1,381"
327120,Clay Building Material and Refractories Manufacturing,,506,163,115,171,98,60,10,2,2,"1,127"
327211,Flat Glass Manufacturing,,356,86,74,58,38,43,18,4,2,679
327212,Other Pressed and Blown Glass and Glassware Manufacturing,,738,154,108,89,46,21,10,7,6,"1,179"
327213,Glass Container Manufacturing,,110,42,26,25,8,35,22,4,1,273
327215,Glass Product Manufacturing Made of Purchased Glass,,"1,083",213,152,138,61,67,25,6,2,"1,747"
327310,Cement Manufacturing,1,219,69,50,89,39,69,4,,,540
327320,Ready-Mix Concrete Manufacturing,1,"1,630","1,156","1,169","1,140",282,104,21,6,3,"5,512"
327331,Concrete Block and Brick Manufacturing,,281,152,134,191,46,21,3,,1,829
327332,Concrete Pipe Manufacturing,,33,31,31,51,22,11,1,,1,181
327390,Other Concrete Product Manufacturing,,"1,604",747,580,588,226,154,26,6,4,"3,935"
327410,Lime Manufacturing,,151,23,14,24,8,6,,,,226
327420,Gypsum Product Manufacturing,,758,74,59,45,42,38,7,2,,"1,025"
327910,Abrasive Product Manufacturing,,243,86,98,96,38,32,9,1,2,605
327991,Cut Stone and Stone Product Manufacturing,,934,504,366,266,85,24,7,2,,"2,188"
327992,Ground or Treated Mineral and Earth Manufacturing,,139,60,70,66,24,23,5,1,1,389
327993,Mineral Wool Manufacturing,,81,40,35,56,28,28,21,2,2,293
327999,All Other Miscellaneous Nonmetallic Mineral Product Manufacturing,,226,66,52,61,22,9,2,1,,439
331110,Iron and Steel Mills and Ferroalloy Manufacturing,,"1,257",382,309,254,135,143,79,34,12,"2,605"
331210,Iron and Steel Pipe and Tube Manufacturing from Purchased Steel,,207,94,63,89,72,77,17,9,2,630
331221,Rolled Steel Shape Manufacturing,,262,76,68,70,45,40,11,3,2,577
331222,Steel Wire Drawing,,183,92,79,66,34,32,6,,,492
331313,Alumina Refining and Primary Aluminum Production,,102,44,29,18,15,21,15,4,2,250
331314,Secondary Smelting and Alloying of Aluminum,,13,5,10,14,14,11,1,1,1,70
331315,"Aluminum Sheet, Plate, and Foil Manufacturing",,92,32,36,26,13,39,13,6,3,260
331318,"Other Aluminum Rolling, Drawing, and Extruding",,185,92,77,96,78,90,33,9,5,665
331410,Nonferrous Metal (except Aluminum) Smelting and Refining,,308,73,37,42,21,22,6,5,2,516
331420,"Copper Rolling, Drawing, Extruding, and Alloying",1,133,64,61,60,54,59,22,8,2,464
331491,"Nonferrous Metal (except Copper and Aluminum) Rolling, Drawing, and Extruding",4,403,108,43,57,26,29,8,4,,682
331492,"Secondary Smelting, Refining, and Alloying of Nonferrous Metal (except Copper and Aluminum)",,118,44,31,39,27,20,2,1,1,283
331511,Iron Foundries,,103,62,57,111,60,65,25,14,4,501
331512,Steel Investment Foundries,1,100,21,26,32,21,25,15,5,2,248
331513,Steel Foundries (except Investment),,107,47,35,49,30,33,9,3,3,316
331523,Nonferrous Metal Die-Casting Foundries,,73,65,45,107,61,53,20,12,3,439
331524,Aluminum Foundries (except Die-Casting),,118,67,89,80,51,42,12,2,2,463
331529,Other Nonferrous Metal Foundries (except Die-Casting),,326,116,91,113,58,53,8,3,,768
332111,Iron and Steel Forging,,548,133,93,115,60,77,20,7,4,"1,057"
332112,Nonferrous Forging,,55,22,10,20,17,8,4,1,2,139
332114,Custom Roll Forming,,14,3,10,6,1,1,,,,35
332117,Powder Metallurgy Part Manufacturing,,12,4,6,12,12,4,3,1,1,55
332119,"Metal Crown, Closure, and Other Metal Stamping (except Automotive)",,872,452,399,587,320,189,53,15,,"2,887"
332215,"Metal Kitchen Cookware, Utensil, Cutlery, and Flatware (except Precious) Manufacturing",,"1,065",100,56,32,19,17,9,3,,"1,301"
332216,Saw Blade and Handtool Manufacturing,,"1,037",261,198,186,87,57,13,5,4,"1,848"
332311,Prefabricated Metal Building and Component Manufacturing,,912,266,247,203,110,64,23,4,1,"1,830"
332312,Fabricated Structural Metal Manufacturing,,"3,125","1,340","1,276","1,303",527,258,49,9,4,"7,891"
332313,Plate Work Manufacturing,,813,335,254,308,146,105,23,8,4,"1,996"
332321,Metal Window and Door Manufacturing,,920,336,224,240,122,91,36,16,4,"1,989"
332322,Sheet Metal Work Manufacturing,,"2,046",959,915,964,414,239,31,4,1,"5,573"
332323,Ornamental and Architectural Metal Work Manufacturing,,"1,439",456,286,269,91,36,10,3,,"2,590"
332410,Power Boiler and Heat Exchanger Manufacturing,,56,38,33,38,23,22,3,,,213
332420,Metal Tank (Heavy Gauge) Manufacturing,,81,59,66,91,49,37,10,3,1,397
332431,Metal Can Manufacturing,1,185,52,35,30,39,85,19,5,2,453
332439,Other Metal Container Manufacturing,,171,54,30,49,22,13,3,,,342
332510,Hardware Manufacturing,,"1,017",255,210,205,92,75,30,11,2,"1,897"
332613,Spring Manufacturing,,108,75,89,101,63,46,7,,,489
332618,Other Fabricated Wire Product Manufacturing,,610,292,237,308,138,100,19,3,1,"1,708"
332710,Machine Shops,,"8,317","4,095","3,070","2,307",646,233,26,4,,"18,698"
332721,Precision Turned Product Manufacturing,,257,209,188,227,93,58,6,1,,"1,039"
332722,"Bolt, Nut, Screw, Rivet, and Washer Manufacturing",1,409,129,101,149,79,53,9,4,1,935
332811,Metal Heat Treating,1,158,114,152,243,80,15,6,1,,770
332812,"Metal Coating, Engraving (except Jewelry and Silverware), and Allied Services to Manufacturers",,"2,644",509,417,469,206,79,10,2,,"4,336"
332813,"Electroplating, Plating, Polishing, Anodizing, and Coloring",,"1,185",580,500,508,218,91,9,2,,"3,093"
332911,Industrial Valve Manufacturing,,319,123,133,130,74,72,35,9,3,898
332912,Fluid Power Valve and Hose Fitting Manufacturing,,188,79,46,45,41,26,14,4,,443
332913,Plumbing Fixture Fitting and Trim Manufacturing,,264,79,52,55,30,18,13,2,,513
332919,Other Metal Valve and Pipe Fitting Manufacturing,,242,131,95,105,55,50,19,5,,702
332991,Ball and Roller Bearing Manufacturing,2,147,45,36,34,33,25,24,11,3,360
332992,Small Arms Ammunition Manufacturing,,183,57,32,26,7,5,3,3,2,318
332993,Ammunition (except Small Arms) Manufacturing,,76,12,8,10,5,10,4,3,2,130
332994,"Small Arms, Ordnance, and Ordnance Accessories Manufacturing",,873,140,74,71,26,28,9,3,,"1,224"
332996,Fabricated Pipe and Pipe Fitting Manufacturing,,246,159,128,177,84,71,14,3,1,883
332999,All Other Miscellaneous Fabricated Metal Product Manufacturing,,"2,465",572,361,306,137,88,25,8,6,"3,968"
333111,Farm Machinery and Equipment Manufacturing,,"1,687",442,311,292,132,84,22,4,5,"2,979"
333112,Lawn and Garden Tractor and Home Lawn and Garden Equipment Manufacturing,,366,77,58,54,17,11,9,13,1,606
333120,Construction Machinery Manufacturing,,"2,443",493,320,295,127,83,60,15,15,"3,851"
333131,Mining Machinery and Equipment Manufacturing,,226,102,76,88,50,34,7,2,2,587
333132,Oil and Gas Field Machinery and Equipment Manufacturing,,586,276,260,294,131,82,24,7,4,"1,664"
333241,Food Product Machinery Manufacturing,,602,242,189,167,87,62,12,6,,"1,367"
333242,Semiconductor Machinery Manufacturing,,118,36,29,36,17,19,5,1,1,262
333243,"Sawmill, Woodworking, and Paper Machinery Manufacturing",,701,152,113,101,42,25,11,3,,"1,148"
333244,Printing Machinery and Equipment Manufacturing,,285,115,116,105,38,22,5,3,2,691
333249,Other Industrial Machinery Manufacturing,1,"1,594",558,451,403,176,99,26,5,8,"3,321"
333314,Optical Instrument and Lens Manufacturing,,684,189,147,157,72,49,14,3,2,"1,317"
333316,Photographic and Photocopying Equipment Manufacturing,,500,167,111,73,37,23,14,3,3,931
333318,Other Commercial and Service Industry Machinery Manufacturing,,"3,003",828,561,439,214,157,40,14,6,"5,262"
333413,Industrial and Commercial Fan and Blower and Air Purification Equipment Manufacturing,,452,195,175,151,74,50,17,3,3,"1,120"
333414,Heating Equipment (except Warm Air Furnaces) Manufacturing,,382,113,72,96,47,46,11,3,2,772
333415,Air-Conditioning and Warm Air Heating Equipment and Commercial and Industrial Refrigeration Equipment Manufacturing,,"1,293",381,278,308,223,169,104,18,15,"2,789"
333511,Industrial Mold Manufacturing,,521,228,181,178,64,22,3,1,,"1,198"
333514,"Special Die and Tool, Die Set, Jig, and Fixture Manufacturing",,"1,227",776,634,545,190,74,16,4,2,"3,468"
333515,Cutting Tool and Machine Tool Accessory Manufacturing,,727,368,316,315,103,76,11,5,,"1,921"
333517,Machine Tool Manufacturing,,"1,532",560,427,354,158,74,16,7,6,"3,134"
333519,Rolling Mill and Other Metalworking Machinery Manufacturing,,366,153,118,141,62,30,7,4,,881
333611,Turbine and Turbine Generator Set Units Manufacturing,,352,84,68,65,42,29,18,12,4,674
333612,"Speed Changer, Industrial High-Speed Drive, and Gear Manufacturing",,80,50,49,50,33,21,8,1,,292
333613,Mechanical Power Transmission Equipment Manufacturing,,164,86,64,84,53,30,11,,,492
333618,Other Engine Equipment Manufacturing,,524,104,86,60,34,27,28,7,9,879
333912,Air and Gas Compressor Manufacturing,,299,118,85,88,52,24,18,5,1,690
333914,"Measuring, Dispensing and Other Pumping Equipment Manufacturing",,629,262,198,230,82,75,30,9,3,"1,518"
333921,Elevator and Moving Stairway Manufacturing,,162,70,50,43,19,7,6,2,,359
333922,Conveyor and Conveying Equipment Manufacturing,,285,199,198,203,125,71,17,9,5,"1,112"
333923,"Overhead Traveling Crane, Hoist, and Monorail System Manufacturing",,381,91,101,92,33,40,10,,3,751
333924,"Industrial Truck, Tractor, Trailer, and Stacker Machinery Manufacturing",,"1,143",216,164,145,86,57,12,3,5,"1,831"
333991,Power-Driven Handtool Manufacturing,,176,68,49,41,17,27,10,1,2,391
333992,Welding and Soldering Equipment Manufacturing,,267,68,45,49,25,20,5,5,3,487
333993,Packaging Machinery Manufacturing,,276,150,143,158,81,53,14,2,1,878
333994,Industrial Process Furnace and Oven Manufacturing,,200,96,107,114,32,24,7,2,,582
333995,Fluid Power Cylinder and Actuator Manufacturing,,48,35,20,39,24,20,4,3,,193
333996,Fluid Power Pump and Motor Manufacturing,,113,41,45,38,13,51,13,6,,320
333997,Scale and Balance Manufacturing,,129,47,43,25,13,8,3,1,,269
333999,All Other Miscellaneous General Purpose Machinery Manufacturing,,"3,175",713,573,467,199,102,36,9,2,"5,276"
334111,Electronic Computer Manufacturing,,953,217,158,142,71,45,15,10,14,"1,625"
334112,Computer Storage Device Manufacturing,1,543,145,76,67,52,35,15,3,9,946
334118,Computer Terminal and Other Computer Peripheral Equipment Manufacturing,,"1,327",459,314,244,128,91,53,41,14,"2,671"
334210,Telephone Apparatus Manufacturing,,604,163,145,143,60,55,22,7,7,"1,206"
334220,Radio and Television Broadcasting and Wireless Communications Equipment Manufacturing,,"1,606",456,375,342,163,158,61,21,23,"3,205"
334290,Other Communications Equipment Manufacturing,,655,206,144,142,61,61,16,10,2,"1,297"
334310,Audio and Video Equipment Manufacturing,,"1,107",295,206,130,52,54,18,5,6,"1,873"
334412,Bare Printed Circuit Board Manufacturing,,52,29,44,75,35,26,7,1,,269
334413,Semiconductor and Related Device Manufacturing,2,"1,595",678,466,447,242,214,98,54,29,"3,825"
334416,"Capacitor, Resistor, Coil, Transformer, and Other Inductor Manufacturing",,242,115,99,121,67,56,15,2,4,721
334417,Electronic Connector Manufacturing,,156,58,44,77,42,46,28,11,2,464
334418,Printed Circuit Assembly (Electronic Assembly) Manufacturing,,348,167,165,234,125,111,68,17,11,"1,246"
334419,Other Electronic Component Manufacturing,,"1,260",497,431,474,295,181,62,23,13,"3,236"
334510,Electromedical and Electrotherapeutic Apparatus Manufacturing,,"1,366",486,307,195,103,89,50,14,3,"2,613"
334511,"Search, Detection, Navigation, Guidance, Aeronautical, and Nautical System and Instrument Manufacturing",,"2,014",412,268,271,187,242,184,77,66,"3,721"
334512,"Automatic Environmental Control Manufacturing for Residential, Commercial, and Appliance Use",,572,194,155,130,101,35,7,7,6,"1,207"
334513,"Instruments and Related Products Manufacturing for Measuring, Displaying, and Controlling Industrial Process Variables",,945,472,321,354,171,127,37,17,3,"2,447"
334514,Totalizing Fluid Meter and Counting Device Manufacturing,,173,50,36,42,14,22,8,4,1,350
334515,Instrument Manufacturing for Measuring and Testing Electricity and Electrical Signals,1,865,296,262,215,104,62,31,13,17,"1,866"
334516,Analytical Laboratory Instrument Manufacturing,1,951,345,224,191,96,95,53,10,6,"1,972"
334517,Irradiation Apparatus Manufacturing,,122,46,40,28,18,17,4,3,1,279
334519,Other Measuring and Controlling Device Manufacturing,,"1,664",440,367,333,130,100,30,11,3,"3,078"
334613,Blank Magnetic and Optical Recording Media Manufacturing,,266,69,45,44,18,9,7,,2,460
334614,"Software and Other Prerecorded Compact Disc, Tape, and Record Reproducing",,"1,244",195,104,84,27,19,14,8,3,"1,698"
335110,Electric Lamp Bulb and Part Manufacturing,,213,69,41,28,15,20,13,4,3,406
335121,Residential Electric Lighting Fixture Manufacturing,,327,73,93,78,28,18,2,6,,625
335122,"Commercial, Industrial, and Institutional Electric Lighting Fixture Manufacturing",,376,178,148,142,44,50,5,6,3,952
335129,Other Lighting Equipment Manufacturing,,"1,323",205,157,122,40,39,11,2,1,"1,900"
335210,Small Electrical Appliance Manufacturing,,489,112,65,65,30,23,18,1,1,804
335220,Major Household Appliance Manufacturing,,527,89,74,47,30,38,15,12,5,837
335311,"Power, Distribution, and Specialty Transformer Manufacturing",,331,109,92,109,76,38,26,10,1,792
335312,Motor and Generator Manufacturing,,675,266,187,147,92,78,43,13,9,"1,510"
335313,Switchgear and Switchboard Apparatus Manufacturing,,306,149,130,114,65,64,22,12,3,865
335314,Relay and Industrial Control Manufacturing,,714,311,270,235,127,107,39,15,2,"1,820"
335911,Storage Battery Manufacturing,,205,103,82,60,50,33,22,4,,559
335912,Primary Battery Manufacturing,,47,15,8,17,9,4,9,,,109
335921,Fiber Optic Cable Manufacturing,,63,23,26,28,12,20,10,1,,183
335929,Other Communication and Energy Wire Manufacturing,,48,22,24,23,15,12,6,2,4,156
335931,Current-Carrying Wiring Device Manufacturing,1,251,127,117,100,79,70,24,13,1,783
335932,Noncurrent-Carrying Wiring Device Manufacturing,,358,89,61,38,17,24,9,1,,597
335991,Carbon and Graphite Product Manufacturing,,103,43,39,36,21,30,2,2,,276
335999,All Other Miscellaneous Electrical Equipment and Component Manufacturing,,"2,117",628,479,460,190,128,35,14,9,"4,060"
336111,Automobile Manufacturing,,665,161,101,82,64,53,25,13,8,"1,172"
336112,Light Truck and Utility Vehicle Manufacturing,,36,7,8,9,4,11,3,,,78
336120,Heavy Duty Truck Manufacturing,,240,54,35,49,24,23,15,5,5,450
336211,Motor Vehicle Body Manufacturing,,387,141,144,154,65,58,14,6,5,974
336212,Truck Trailer Manufacturing,,528,152,128,142,58,54,22,7,1,"1,092"
336213,Motor Home Manufacturing,,50,9,8,10,2,8,2,2,1,92
336214,Travel Trailer and Camper Manufacturing,,399,114,98,77,35,29,8,1,,761
336310,Motor Vehicle Gasoline Engine and Engine Parts Manufacturing,1,334,114,58,71,25,36,25,10,5,679
336320,Motor Vehicle Electrical and Electronic Equipment Manufacturing,,608,166,120,105,50,69,32,25,8,"1,183"
336330,Motor Vehicle Steering and Suspension Components (except Spring) Manufacturing,,37,20,16,24,9,22,19,4,3,154
336340,Motor Vehicle Brake System Manufacturing,,43,27,29,18,17,24,17,8,3,186
336350,Motor Vehicle Transmission and Power Train Parts Manufacturing,,172,71,48,46,37,44,19,11,4,452
336360,Motor Vehicle Seating and Interior Trim Manufacturing,,144,73,44,66,56,35,23,11,3,455
336370,Motor Vehicle Metal Stamping,,219,106,85,81,64,96,51,11,6,719
336390,Other Motor Vehicle Parts Manufacturing,,"2,139",566,506,458,293,424,240,88,43,"4,757"
336411,Aircraft Manufacturing,,"1,753",198,152,94,69,51,40,99,48,"2,504"
336412,Aircraft Engine and Engine Parts Manufacturing,,499,137,116,135,92,87,58,79,16,"1,219"
336413,Other Aircraft Parts and Auxiliary Equipment Manufacturing,,"1,097",409,326,407,242,233,67,42,12,"2,835"
336414,Guided Missile and Space Vehicle Manufacturing,,93,20,13,16,12,11,11,16,6,198
336415,Guided Missile and Space Vehicle Propulsion Unit and Propulsion Unit Parts Manufacturing,,89,14,10,12,14,6,3,2,5,155
336419,Other Guided Missile and Space Vehicle Parts and Auxiliary Equipment Manufacturing,,31,5,5,15,11,14,2,,,83
336510,Railroad Rolling Stock Manufacturing,,241,107,76,71,50,43,14,6,1,609
336611,Ship Building and Repairing,,495,120,97,157,89,63,24,10,12,"1,067"
336612,Boat Building,,"1,656",336,262,175,89,61,33,12,1,"2,625"
336991,"Motorcycle, Bicycle, and Parts Manufacturing",,884,123,71,62,28,17,5,2,1,"1,193"
336992,"Military Armored Vehicle, Tank, and Tank Component Manufacturing",,104,31,25,20,25,18,2,3,,228
336999,All Other Transportation Equipment Manufacturing,,633,102,72,45,11,12,5,4,,884
337110,Wood Kitchen Cabinet and Countertop Manufacturing,,"10,774","1,720",886,508,146,87,37,20,5,"14,183"
337121,Upholstered Household Furniture Manufacturing,,375,111,86,88,63,71,29,14,6,843
337122,Nonupholstered Wood Household Furniture Manufacturing,,"2,129",418,279,216,79,60,26,9,2,"3,218"
337124,Metal Household Furniture Manufacturing,1,212,71,59,35,19,25,3,3,1,429
337125,Household Furniture (except Wood and Metal) Manufacturing,,304,63,46,34,15,11,2,1,,476
337127,Institutional Furniture Manufacturing,,"1,308",357,252,224,115,74,17,3,2,"2,352"
337211,Wood Office Furniture Manufacturing,,363,142,135,116,63,38,11,2,1,871
337212,Custom Architectural Woodwork and Millwork Manufacturing,,333,193,132,144,58,33,4,3,,900
337214,Office Furniture (except Wood) Manufacturing,,213,91,70,64,28,40,14,6,2,528
337215,"Showcase, Partition, Shelving, and Locker Manufacturing",,373,181,147,143,69,58,13,4,3,991
337910,Mattress Manufacturing,,280,90,93,94,74,54,15,2,2,704
337920,Blind and Shade Manufacturing,,933,133,75,66,16,28,7,4,,"1,262"
339112,Surgical and Medical Instrument Manufacturing,,"2,636",860,656,540,298,280,155,57,35,"5,517"
339113,Surgical Appliance and Supplies Manufacturing,,"2,613",830,450,327,153,116,57,27,12,"4,585"
339114,Dental Equipment and Supplies Manufacturing,,832,199,134,101,53,36,9,10,2,"1,376"
339115,Ophthalmic Goods Manufacturing,,539,177,92,98,52,35,22,6,6,"1,027"
339116,Dental Laboratories,1,"6,445","1,210",567,294,60,19,,1,2,"8,599"
339910,Jewelry and Silverware Manufacturing,,"3,614",659,390,299,104,57,11,6,2,"5,142"
339920,Sporting and Athletic Goods Manufacturing,1,"5,967",840,458,352,161,92,27,13,10,"7,921"
339930,"Doll, Toy, and Game Manufacturing",,"2,717",265,201,114,50,27,8,1,5,"3,388"
339940,Office Supplies (except Paper) Manufacturing,,"1,091",224,139,103,49,25,12,5,,"1,648"
339950,Sign Manufacturing,,"16,202","2,391","1,156",720,224,105,21,3,,"20,822"
339991,"Gasket, Packing, and Sealing Device Manufacturing",,231,130,157,134,71,63,23,15,,824
339992,Musical Instrument Manufacturing,,"1,268",137,78,59,23,16,6,5,,"1,592"
339993,"Fastener, Button, Needle, and Pin Manufacturing",,321,103,52,49,26,20,6,2,1,580
339994,"Broom, Brush, and Mop Manufacturing",,130,51,58,65,22,15,5,,,346
339995,Burial Casket Manufacturing,,53,18,14,18,7,8,2,,1,121
339999,All Other Miscellaneous Manufacturing,,"27,070","1,655",833,528,213,108,26,6,7,"30,446"
423110,Automobile and Other Motor Vehicle Merchant Wholesalers,,"5,787",867,752,633,287,154,77,16,5,"8,578"
423120,Motor Vehicle Supplies and New Parts Merchant Wholesalers,,"10,468","4,275","2,675","1,447",411,182,34,18,11,"19,521"
423130,Tire and Tube Merchant Wholesalers,,"1,570",650,602,385,86,17,4,2,1,"3,317"
423140,Motor Vehicle Parts (Used) Merchant Wholesalers,,"2,835",817,378,163,21,3,1,2,,"4,220"
423210,Furniture Merchant Wholesalers,1,"5,553","1,278",740,545,155,70,15,5,1,"8,363"
423220,Home Furnishing Merchant Wholesalers,,"11,129","1,831","1,068",678,238,100,21,7,3,"15,075"
423310,"Lumber, Plywood, Millwork, and Wood Panel Merchant Wholesalers",,"15,537","2,329","1,816","1,637",504,178,32,8,10,"22,051"
423320,"Brick, Stone, and Related Construction Material Merchant Wholesalers",1,"6,967","2,043","1,398",969,194,72,14,5,1,"11,664"
423330,"Roofing, Siding, and Insulation Material Merchant Wholesalers",,"1,139",707,797,349,84,34,12,1,3,"3,126"
423390,Other Construction Material Merchant Wholesalers,1,"2,193",613,387,261,49,19,5,,1,"3,529"
423410,Photographic Equipment and Supplies Merchant Wholesalers,,478,131,109,65,17,14,6,2,1,823
423420,Office Equipment Merchant Wholesalers,,"2,887",976,738,747,250,94,21,6,1,"5,720"
423430,Computer and Computer Peripheral Equipment and Software Merchant Wholesalers,,"6,982","2,291","1,506","1,009",375,196,37,19,13,"12,428"
423440,Other Commercial Equipment Merchant Wholesalers,,"14,636","1,883","1,023",572,150,47,13,6,1,"18,331"
423450,"Medical, Dental, and Hospital Equipment and Supplies Merchant Wholesalers",,"11,362","3,248","1,889","1,244",404,242,48,24,9,"18,470"
423460,Ophthalmic Goods Merchant Wholesalers,,207,84,57,46,24,6,4,2,,430
423490,Other Professional Equipment and Supplies Merchant Wholesalers,,"2,333",601,403,239,74,33,8,4,,"3,695"
423510,Metal Service Centers and Other Metal Merchant Wholesalers,1,"7,429","1,996","1,553","1,297",521,195,38,9,8,"13,047"
423520,Coal and Other Mineral and Ore Merchant Wholesalers,,602,89,46,48,16,7,6,3,,817
423610,"Electrical Apparatus and Equipment, Wiring Supplies, and Related Equipment Merchant Wholesalers",1,"10,968","4,600","3,145","1,875",497,198,49,16,5,"21,354"
423620,"Household Appliances, Electric Housewares, and Consumer Electronics Merchant Wholesalers",,"2,943",653,349,277,75,56,5,7,1,"4,366"
423690,Other Electronic Parts and Equipment Merchant Wholesalers,,"8,781","3,059","1,928","1,265",400,171,46,21,9,"15,680"
423710,Hardware Merchant Wholesalers,,"4,102","1,202",845,595,163,62,20,3,1,"6,993"
423720,Plumbing and Heating Equipment and Supplies (Hydronics) Merchant Wholesalers,,"4,931","2,700","1,699",934,221,80,12,3,1,"10,581"
423730,Warm Air Heating and Air-Conditioning Equipment and Supplies Merchant Wholesalers,,"2,939","1,534",764,473,134,68,16,3,,"5,931"
423740,Refrigeration Equipment and Supplies Merchant Wholesalers,,"1,364",524,231,157,41,13,2,3,,"2,335"
423810,Construction and Mining (except Oil Well) Machinery and Equipment Merchant Wholesalers,,"5,098","1,558","1,160",949,256,108,38,17,6,"9,190"
423820,Farm and Garden Machinery and Equipment Merchant Wholesalers,,"5,230","1,691","1,474",876,126,47,13,13,4,"9,474"
423830,Industrial Machinery and Equipment Merchant Wholesalers,3,"22,032","7,954","4,870","3,298",903,356,81,19,8,"39,524"
423840,Industrial Supplies Merchant Wholesalers,,"12,268","4,349","2,412","1,237",297,149,32,13,5,"20,762"
423850,Service Establishment Equipment and Supplies Merchant Wholesalers,1,"12,621","2,484","1,121",648,140,61,13,8,1,"17,098"
423860,Transportation Equipment and Supplies (except Motor Vehicle) Merchant Wholesalers,,"3,654",926,539,362,91,54,19,10,3,"5,658"
423910,Sporting and Recreational Goods and Supplies Merchant Wholesalers,,"5,915","1,185",741,412,106,43,13,4,2,"8,421"
423920,Toy and Hobby Goods and Supplies Merchant Wholesalers,,"4,444",579,305,179,77,30,5,4,1,"5,624"
423930,Recyclable Material Merchant Wholesalers,,"4,439","1,124",849,679,191,70,8,3,1,"7,364"
423940,"Jewelry, Watch, Precious Stone, and Precious Metal Merchant Wholesalers",,"9,918","1,192",557,263,61,34,6,3,3,"12,037"
423990,Other Miscellaneous Durable Goods Merchant Wholesalers,,"44,065","2,569","1,138",578,186,56,28,5,5,"48,630"
424110,Printing and Writing Paper Merchant Wholesalers,,555,172,116,120,27,14,,2,,"1,006"
424120,Stationery and Office Supplies Merchant Wholesalers,,"4,750","1,018",554,359,128,55,10,2,2,"6,878"
424130,Industrial and Personal Service Paper Merchant Wholesalers,,"2,930",714,523,431,176,89,17,3,2,"4,885"
424210,Drugs and Druggists' Sundries Merchant Wholesalers,,"9,039","1,576","1,021",739,365,216,61,13,13,"13,043"
424310,"Piece Goods, Notions, and Other Dry Goods Merchant Wholesalers",,"3,062",637,401,261,78,31,6,2,2,"4,480"
424320,Men's and Boys' Clothing and Furnishings Merchant Wholesalers,1,"2,521",757,434,310,103,58,12,4,1,"4,201"
424330,"Women's, Children's, and Infants' Clothing and Accessories Merchant Wholesalers",,"6,268","1,014",593,396,141,65,17,4,2,"8,500"
424340,Footwear Merchant Wholesalers,1,"4,602",480,328,147,77,33,8,3,,"5,679"
424410,General Line Grocery Merchant Wholesalers,2,"6,793","1,337",952,771,355,279,120,41,8,"10,658"
424420,Packaged Frozen Food Merchant Wholesalers,,594,279,171,148,66,75,21,8,,"1,362"
424430,Dairy Product (except Dried or Canned) Merchant Wholesalers,,"2,058",621,309,288,93,59,7,4,4,"3,443"
424440,Poultry and Poultry Product Merchant Wholesalers,,"1,054",214,108,104,58,27,11,2,,"1,578"
424450,Confectionery Merchant Wholesalers,,"1,468",418,325,340,97,78,10,5,1,"2,742"
424460,Fish and Seafood Merchant Wholesalers,,"3,835",833,491,393,137,56,16,3,2,"5,766"
424470,Meat and Meat Product Merchant Wholesalers,,"1,462",627,428,393,133,83,27,7,2,"3,162"
424480,Fresh Fruit and Vegetable Merchant Wholesalers,,"3,655","1,112",785,668,287,182,45,12,2,"6,748"
424490,Other Grocery and Related Products Merchant Wholesalers,2,"16,396","3,539","1,659","1,182",429,270,65,26,23,"23,591"
424510,Grain and Field Bean Merchant Wholesalers,,"4,459","1,693",912,418,86,56,7,5,5,"7,641"
424520,Livestock Merchant Wholesalers,,"8,796",765,267,347,34,8,,1,,"10,218"
424590,Other Farm Product Raw Material Merchant Wholesalers,,"4,669",338,135,110,21,32,4,1,2,"5,312"
424610,Plastics Materials and Basic Forms and Shapes Merchant Wholesalers,,"1,023",480,331,198,47,20,2,2,,"2,103"
424690,Other Chemical and Allied Products Merchant Wholesalers,,"6,492","1,851","1,247",828,247,124,34,5,2,"10,830"
424710,Petroleum Bulk Stations and Terminals,,944,599,406,261,52,17,7,4,2,"2,292"
424720,Petroleum and Petroleum Products Merchant Wholesalers (except Bulk Stations and Terminals),,"7,472","2,119","1,188",809,210,106,16,7,3,"11,930"
424810,Beer and Ale Merchant Wholesalers,2,955,536,328,428,270,235,42,10,4,"2,810"
424820,Wine and Distilled Alcoholic Beverage Merchant Wholesalers,,"5,281","1,952",492,320,141,109,36,15,3,"8,349"
424910,Farm Supplies Merchant Wholesalers,,"8,818","3,036","2,481",873,193,63,19,1,5,"15,489"
424920,"Book, Periodical, and Newspaper Merchant Wholesalers",,"8,645",353,205,173,84,40,21,6,11,"9,538"
424930,"Flower, Nursery Stock, and Florists' Supplies Merchant Wholesalers",,"3,405","1,123",742,536,166,73,21,2,,"6,068"
424940,Tobacco and Tobacco Product Merchant Wholesalers,1,"4,091",336,206,133,59,38,9,2,,"4,875"
424950,"Paint, Varnish, and Supplies Merchant Wholesalers",,"3,246",543,273,114,28,12,,,,"4,216"
424990,Other Miscellaneous Nondurable Goods Merchant Wholesalers,,"56,646","3,090","1,827","1,038",317,171,44,7,4,"63,144"
425120,Wholesale Trade Agents and Brokers,,580,111,79,35,7,3,,,,815
441110,New Car Dealers,114,"24,721","11,502","10,106","8,700","5,167","2,239",210,62,70,"62,891"
441120,Used Car Dealers,2,"28,851","3,940","1,667",470,68,145,4,4,2,"35,153"
441210,Recreational Vehicle Dealers,,"2,514",667,448,375,90,33,6,3,,"4,136"
441222,Boat Dealers,,"8,906","1,440",838,332,50,18,5,1,1,"11,591"
441228,"Motorcycle, ATV, and All Other Motor Vehicle Dealers",,"24,311","2,229","1,145",758,143,60,18,5,3,"28,672"
441310,Automotive Parts and Accessories Stores,,"20,804","9,998","9,108","2,363",305,117,25,10,3,"42,733"
441320,Tire Dealers,1,"18,293","6,465","4,723","1,194",128,60,8,3,12,"30,887"
442110,Furniture Stores,1,"32,494","5,565","3,231","2,242",390,191,67,24,5,"44,210"
442210,Floor Covering Stores,2,"41,159","3,367","1,635",720,120,26,6,4,3,"47,042"
442291,Window Treatment Stores,,"5,239",611,200,55,14,9,2,,1,"6,131"
442299,All Other Home Furnishings Stores,1,"14,212","1,954","1,587","1,536",205,60,8,7,1,"19,571"
443141,Household Appliance Stores,,"8,299","2,012",962,452,96,26,8,4,4,"11,863"
443142,Electronics Stores,4,"53,622","7,875","3,476","1,919","1,219",918,47,22,9,"69,111"
444110,Home Centers,1,"16,366","3,796","2,735","1,961",525,"3,800",195,9,9,"29,397"
444120,Paint and Wallpaper Stores,,"11,046","2,520",448,131,100,25,2,,1,"14,273"
444130,Hardware Stores,,"11,835","4,481","3,540","1,771",305,132,22,11,1,"22,098"
444190,Other Building Material Dealers,,"21,224","2,663","1,304",601,139,48,4,1,2,"25,986"
444210,Outdoor Power Equipment Stores,,"2,454",898,428,138,28,6,1,,,"3,953"
444220,"Nursery, Garden Center, and Farm Supply Stores",,"9,352","2,404","1,332",679,141,46,6,2,2,"13,964"
445110,Supermarkets and Other Grocery (except Convenience) Stores,1,"51,893","13,795","6,081","6,129","7,098","7,175",687,100,53,"93,012"
445120,Convenience Stores,,"28,725","19,202","7,034","1,472",375,294,24,25,9,"57,160"
445210,Meat Markets,,"6,291","1,318",567,234,49,11,4,1,,"8,475"
445220,Fish and Seafood Markets,,"2,495",310,143,62,18,3,1,,,"3,032"
445230,Fruit and Vegetable Markets,,"5,646",651,335,234,67,42,2,5,,"6,982"
445291,Baked Goods Stores,3,"26,094","5,875","3,053","1,566",181,72,14,4,1,"36,863"
445292,Confectionery and Nut Stores,,"8,272","1,009",399,176,24,23,6,1,,"9,910"
445299,All Other Specialty Food Stores,1,"19,319","2,860","1,186",541,114,43,13,5,1,"24,083"
445310,"Beer, Wine, and Liquor Stores",2,"25,823","5,611","1,752",533,70,42,6,,3,"33,842"
446110,Pharmacies and Drug Stores,,"18,347","12,808","13,203","10,235",695,240,70,33,30,"55,661"
446120,"Cosmetics, Beauty Supplies, and Perfume Stores",,"14,577","2,217","1,679",566,55,106,14,5,1,"19,220"
446130,Optical Goods Stores,1,"12,781","3,300","1,452",424,41,45,6,2,3,"18,055"
446191,Food (Health) Supplement Stores,,"13,363","2,398",553,290,95,42,17,6,2,"16,766"
446199,All Other Health and Personal Care Stores,,"10,954","2,124",852,405,93,37,13,3,7,"14,488"
447110,Gasoline Stations with Convenience Stores,,558,197,77,332,9,4,1,3,,"1,181"
447190,Other Gasoline Stations,2,"41,847","18,935","6,901","2,259",570,273,60,25,18,"70,890"
448110,Men's Clothing Stores,1,"6,506","2,121","1,837",692,353,49,16,4,2,"11,581"
448120,Women's Clothing Stores,1,"72,736","7,258","5,223","1,809",203,120,40,18,13,"87,421"
448130,Children's and Infants' Clothing Stores,,"4,124",965,"1,490",279,76,8,4,1,3,"6,950"
448140,Family Clothing Stores,,"14,738","2,348","1,785","3,046",963,259,71,15,10,"23,235"
448150,Clothing Accessories Stores,,"14,689","1,985",785,595,82,35,3,4,4,"18,182"
448190,Other Clothing Stores,,"15,331","2,563","1,092",504,109,86,18,9,2,"19,714"
448210,Shoe Stores,,"11,139","5,273","2,785",678,136,56,10,11,3,"20,091"
448310,Jewelry Stores,,"31,749","5,937","1,699",583,95,76,16,4,4,"40,163"
448320,Luggage and Leather Goods Stores,,993,417,259,60,12,6,1,,1,"1,749"
451110,Sporting Goods Stores,11,"42,484","5,351","2,421","1,746",464,186,47,11,3,"52,724"
451120,"Hobby, Toy, and Game Stores",1,"19,884","3,125","1,260","1,539",237,27,4,1,9,"26,087"
451130,"Sewing, Needlework, and Piece Goods Stores",1,"10,138",770,622,294,40,13,2,,1,"11,881"
451140,Musical Instrument and Supplies Stores,,"7,393","1,064",442,354,28,13,2,1,1,"9,298"
451211,Book Stores,,"10,103","1,706","1,191",994,230,73,15,8,1,"14,321"
451212,News Dealers and Newsstands,,733,119,39,28,6,3,,1,,929
452210,Department Stores,,"6,453","1,452","1,002","2,768","1,095","5,760","2,722",316,32,"21,600"
452311,Warehouse Clubs and Supercenters,,433,84,116,86,76,945,112,5,1,"1,858"
452319,All Other General Merchandise Stores,1,"26,280","12,376","3,230","1,641",228,129,40,15,5,"43,945"
453110,Florists,1,"22,352","4,026","1,309",408,44,33,4,2,1,"28,180"
453210,Office Supplies and Stationery Stores,,"3,011",861,569,"1,498",79,25,7,4,2,"6,056"
453220,"Gift, Novelty, and Souvenir Stores",1,"45,904","4,491","2,806",768,184,76,21,5,8,"54,264"
453310,Used Merchandise Stores,1,"33,397","2,809","1,362","1,024",213,94,16,5,3,"38,924"
453910,Pet and Pet Supplies Stores,,"13,401","1,885","1,163","1,613",62,18,3,1,1,"18,147"
453920,Art Dealers,,"3,179",401,115,71,4,3,,,,"3,773"
453930,Manufactured (Mobile) Home Dealers,,"2,515",818,361,111,35,39,5,2,,"3,886"
453991,Tobacco Stores,,"16,636","1,355",263,91,20,7,,1,,"18,373"
453998,All Other Miscellaneous Store Retailers (except Tobacco Stores),2,"130,410","10,152","4,975","2,906",411,189,42,6,7,"149,100"
454110,Electronic Shopping and Mail-Order Houses,2,"19,619","2,192","1,073",523,203,181,51,45,13,"23,902"
454210,Vending Machine Operators,,"8,056",674,428,283,105,36,8,3,3,"9,596"
454310,Fuel Dealers,1,"7,905","3,435","1,684",690,132,31,6,2,5,"13,891"
454390,Other Direct Selling Establishments,,"24,568","1,470",537,297,112,50,14,11,4,"27,063"
481111,Scheduled Passenger Air Transportation,,942,261,185,193,135,130,43,22,17,"1,928"
481112,Scheduled Freight Air Transportation,,199,137,69,50,25,22,13,3,3,521
481211,Nonscheduled Chartered Passenger Air Transportation,,92,43,30,27,10,1,1,,1,205
481212,Nonscheduled Chartered Freight Air Transportation,,37,17,20,13,8,5,,,,100
481219,Other Nonscheduled Air Transportation,,"1,604",319,224,163,73,34,12,3,1,"2,433"
482111,Line-Haul Railroads,,"1,050",344,290,329,186,144,36,15,18,"2,412"
482112,Short Line Railroads,,24,6,4,4,,2,,,,40
483111,Deep Sea Freight Transportation,,504,63,57,60,26,22,5,4,1,742
483112,Deep Sea Passenger Transportation,,138,9,12,5,10,4,1,,8,187
483113,Coastal and Great Lakes Freight Transportation,,219,76,57,42,17,10,3,1,1,426
483211,Inland Water Freight Transportation,,623,113,66,50,21,25,6,2,3,909
483212,Inland Water Passenger Transportation,1,274,47,30,50,10,6,4,,1,423
484110,"General Freight Trucking, Local",,"138,006","6,664","3,885","2,603",774,289,41,17,13,"152,292"
484121,"General Freight Trucking, Long-Distance, Truckload",,"26,951","4,720","3,318","3,242","1,592",787,160,50,29,"40,849"
484122,"General Freight Trucking, Long-Distance, Less Than Truckload",,202,57,58,126,78,60,12,2,,595
484210,Used Household and Office Goods Moving,,"5,196","1,200","1,023",799,198,75,6,4,,"8,501"
484220,"Specialized Freight (except Used Goods) Trucking, Local",,"7,539","1,411","1,081",791,200,64,6,1,1,"11,094"
484230,"Specialized Freight (except Used Goods) Trucking, Long-Distance",,"2,739",606,404,418,160,104,25,8,2,"4,466"
485111,Mixed Mode Transit Systems,1,"4,852",554,204,160,95,78,17,10,17,"5,988"
485112,Commuter Rail Systems,,94,26,21,9,10,15,9,2,4,190
485113,Bus and Other Motor Vehicle Transit Systems,,538,168,123,163,111,90,53,30,12,"1,288"
485119,Other Urban Transit Systems,,55,16,6,7,2,2,2,2,1,93
485210,Interurban and Rural Bus Transportation,1,483,177,127,135,62,48,15,4,2,"1,054"
485310,Taxi Service,,"9,083",914,439,315,112,37,13,2,2,"10,917"
485320,Limousine Service,1,"13,773","1,891",751,523,180,77,11,3,1,"17,211"
485410,School and Employee Bus Transportation,,575,316,286,540,392,268,65,3,5,"2,450"
485510,Charter Bus Industry,2,"2,439",395,284,302,128,86,10,4,1,"3,651"
485999,All Other Transit and Ground Passenger Transportation,,"3,808",678,376,302,96,71,17,6,5,"5,359"
486110,Pipeline Transportation of Crude Oil,,367,137,126,76,24,23,6,2,2,763
486210,Pipeline Transportation of Natural Gas,,723,284,433,213,63,41,17,9,12,"1,795"
486910,Pipeline Transportation of Refined Petroleum Products,,153,59,72,43,15,8,2,1,1,354
486990,All Other Pipeline Transportation,,129,17,29,16,8,2,2,,,203
487110,"Scenic and Sightseeing Transportation, Land",,242,43,31,23,11,10,2,,,362
487210,"Scenic and Sightseeing Transportation, Water",,281,84,49,58,25,16,2,1,2,518
487990,"Scenic and Sightseeing Transportation, Other",,269,30,21,17,8,8,5,1,,359
488111,Air Traffic Control,,108,152,132,170,346,30,16,28,7,989
488119,Other Airport Operations,1,"11,216",811,504,455,181,125,60,16,14,"13,383"
488190,Other Support Activities for Air Transportation,,"2,345",617,372,328,129,68,30,15,7,"3,911"
488210,Support Activities for Rail Transportation,,"14,010","1,690",884,513,194,92,43,20,6,"17,452"
488310,Port and Harbor Operations,,110,58,15,12,10,11,2,,1,219
488320,Marine Cargo Handling,,412,174,147,143,60,41,20,1,1,999
488330,Navigational Services to Shipping,1,"1,012",256,136,114,55,27,12,3,,"1,616"
488390,Other Support Activities for Water Transportation,,"1,140",104,71,47,9,11,1,2,1,"1,386"
488410,Motor Vehicle Towing,,"18,960","2,629","1,123",481,47,6,1,1,,"23,248"
488490,Other Support Activities for Road Transportation,,"4,619",548,380,306,115,72,24,10,3,"6,077"
488510,Freight Transportation Arrangement,5,"27,555","5,546","3,663","2,452",856,415,95,27,28,"40,642"
488991,Packing and Crating,,805,239,170,126,55,31,8,4,1,"1,439"
488999,All Other Support Activities for Transportation,3,"122,009","2,604",716,334,137,36,14,8,8,"125,869"
491110,Postal Service,,"9,022","3,635","2,791","3,958","1,381",676,108,65,39,"21,675"
492110,Couriers and Express Delivery Services,,"5,455",771,392,370,161,170,20,8,3,"7,350"
492210,Local Messengers and Local Delivery,,"2,885",406,229,310,167,414,32,16,8,"4,467"
493110,General Warehousing and Storage,1,"17,549","1,925","1,368","1,353",615,501,197,68,34,"23,611"
493120,Refrigerated Warehousing and Storage,1,443,220,208,283,102,56,10,1,3,"1,327"
493130,Farm Product Warehousing and Storage,,456,225,148,57,12,10,1,2,,911
493190,Other Warehousing and Storage,,"8,393",691,354,343,131,67,20,8,5,"10,012"
511110,Newspaper Publishers,5,"5,543","2,173","1,402","1,222",546,440,124,81,24,"11,560"
511120,Periodical Publishers,,"2,772",884,634,500,215,136,35,16,10,"5,202"
511130,Book Publishers,,"3,925",597,349,309,146,99,33,23,7,"5,488"
511140,Directory and Mailing List Publishers,,289,87,83,53,32,16,15,3,,578
511191,Greeting Card Publishers,,258,30,19,20,3,11,4,,1,346
511199,All Other Publishers,,"19,505",854,482,330,124,71,24,5,6,"21,401"
511210,Software Publishers,,"15,601","2,903","1,830","1,443",690,457,147,81,35,"23,187"
512110,Motion Picture and Video Production,1,"23,528","2,330","1,040",596,180,89,28,10,10,"27,812"
512120,Motion Picture and Video Distribution,,"25,552","2,129","1,971",79,18,9,3,3,3,"29,767"
512131,Motion Picture Theaters (except Drive-Ins),9,"1,469","2,684",779,"1,057",260,69,12,3,5,"6,347"
512132,Drive-In Motion Picture Theaters,,28,44,19,22,8,3,,,,124
512191,Teleproduction and Other Postproduction Services,,"3,367",177,89,72,19,11,7,5,1,"3,748"
512199,Other Motion Picture and Video Industries,,"6,722",561,87,45,12,8,1,,,"7,436"
512230,Music Publishers,,584,61,26,25,10,7,,,,713
512240,Sound Recording Studios,,"4,439",193,73,42,4,3,,,1,"4,755"
512250,Record Production and Distribution,,"6,646",309,164,71,28,10,5,1,1,"7,235"
512290,Other Sound Recording Industries,,255,26,28,20,2,5,,,1,337
515111,Radio Networks,26,"4,651","2,482","1,179",972,415,172,25,7,6,"9,935"
515112,Radio Stations,4,"1,331",977,435,309,101,33,9,1,2,"3,202"
515120,Television Broadcasting,1,"1,503",881,493,518,458,334,58,20,20,"4,286"
515210,Cable and Other Subscription Programming,1,"4,553",853,522,591,499,185,65,32,19,"7,320"
517311,Wired Telecommunications Carriers,,"10,594","2,147","1,330",918,325,169,35,17,13,"15,548"
517312,Wireless Telecommunications Carriers (except Satellite),,"22,354","3,289","2,258",925,"1,138",111,52,18,18,"30,163"
517410,Satellite Telecommunications,,91,30,21,26,10,5,5,4,1,193
517911,Telecommunications Resellers,,"12,932","1,965","1,544","1,458",748,373,116,60,83,"19,279"
517919,All Other Telecommunications,1,"49,685","2,862",798,426,140,68,20,9,4,"54,013"
518210,"Data Processing, Hosting, and Related Services",,"15,687","2,095","1,272",927,405,369,102,54,41,"20,952"
519110,News Syndicates,,603,116,83,42,18,9,6,3,1,881
519120,Libraries and Archives,2,"14,688","4,791","3,269","2,301",672,284,43,18,4,"26,072"
519130,Internet Publishing and Broadcasting and Web Search Portals,,"1,148",186,99,51,18,8,2,,1,"1,513"
519190,All Other Information Services,1,"4,084",619,358,281,139,83,48,13,11,"5,637"
521110,Monetary Authorities-Central Bank,,5,2,1,1,2,13,4,7,5,40
522110,Commercial Banking,14,"16,248","26,275","28,701","8,671","1,897",757,216,68,70,"82,917"
522120,Savings Institutions,3,"1,913","2,426","1,612",702,213,90,26,8,5,"6,998"
522130,Credit Unions,1,"6,642","3,792","2,757","1,760",566,278,42,21,4,"15,863"
522210,Credit Card Issuing,,4,2,,,,,,,,6
522220,Sales Financing,,"1,461",495,188,158,75,42,10,9,3,"2,441"
522291,Consumer Lending,2,"13,474","1,739",478,327,117,64,28,16,9,"16,254"
522292,Real Estate Credit,,"3,202","1,373",805,623,182,107,38,15,19,"6,364"
522293,International Trade Financing,2,"1,039",318,188,89,28,12,7,3,4,"1,690"
522294,Secondary Market Financing,,4,2,,,,,,,,6
522298,All Other Nondepository Credit Intermediation,,"12,079","2,663",670,372,125,98,28,11,6,"16,052"
522310,Mortgage and Nonmortgage Loan Brokers,1,"9,412","1,995","1,011",496,129,43,11,8,2,"13,108"
522320,"Financial Transactions Processing, Reserve, and Clearinghouse Activities",,"23,776","2,152","1,067",850,278,214,69,30,25,"28,461"
522390,Other Activities Related to Credit Intermediation,10,"22,059","3,141","1,167",676,218,77,29,19,11,"27,407"
523110,Investment Banking and Securities Dealing,,"1,448",438,330,245,93,73,18,14,9,"2,668"
523120,Securities Brokerage,1,"26,568","2,815","1,796","1,730",575,254,66,44,30,"33,879"
523130,Commodity Contracts Dealing,,"2,158",409,236,109,34,18,11,6,,"2,981"
523140,Commodity Contracts Brokerage,,460,94,42,32,16,1,2,1,1,649
523210,Securities and Commodity Exchanges,,237,49,38,19,16,10,4,4,2,379
523910,Miscellaneous Intermediation,,"135,728","3,902","1,304",753,223,115,46,27,33,"142,131"
523920,Portfolio Management,,"8,683",851,384,215,75,27,5,2,,"10,242"
523930,Investment Advice,1,"59,817","4,112","1,818","1,048",350,176,47,26,19,"67,414"
523991,"Trust, Fiduciary, and Custody Activities",,"19,974",704,255,203,91,41,21,22,19,"21,330"
523999,Miscellaneous Financial Investment Activities,,"1,807",222,123,83,34,19,8,8,8,"2,312"
524113,Direct Life Insurance Carriers,1,"5,135",712,587,600,233,164,55,42,48,"7,577"
524114,Direct Health and Medical Insurance Carriers,,"2,803",491,362,446,384,316,165,106,76,"5,149"
524126,Direct Property and Casualty Insurance Carriers,7,"9,694","1,352",525,524,322,305,120,56,51,"12,956"
524127,Direct Title Insurance Carriers,,"2,567","1,237",827,428,113,43,12,8,5,"5,240"
524128,"Other Direct Insurance (except Life, Health, and Medical) Carriers",,"2,563",209,105,86,27,48,7,4,2,"3,051"
524130,Reinsurance Carriers,,35,21,11,31,21,9,1,1,3,133
524210,Insurance Agencies and Brokerages,3,"174,813","21,149","7,997","4,901","1,455",677,193,105,73,"211,366"
524291,Claims Adjusting,,"3,006",543,328,190,51,30,9,9,5,"4,171"
524292,Third Party Administration of Insurance and Pension Funds,,406,141,102,111,38,33,13,6,3,853
524298,All Other Insurance Related Activities,,"4,468",850,500,375,118,69,21,5,8,"6,414"
525110,Pension Funds,,510,121,75,75,31,25,10,5,5,857
525120,Health and Welfare Funds,,549,97,59,48,49,19,6,3,2,832
525190,Other Insurance Funds,,42,6,13,4,9,2,,,2,78
525910,Open-End Investment Funds,,"14,441",698,459,302,125,78,28,30,30,"16,191"
525920,"Trusts, Estates, and Agency Accounts",,"7,516",366,103,71,24,10,1,2,1,"8,094"
525990,Other Financial Vehicles,,"5,156",612,336,233,70,32,12,9,15,"6,475"
531110,Lessors of Residential Buildings and Dwellings,2,"94,116","20,970","6,582","2,975","1,234",427,125,34,49,"126,514"
531120,Lessors of Nonresidential Buildings (except Miniwarehouses),2,"22,910","3,281","1,853","1,279",411,200,37,20,8,"30,001"
531130,Lessors of Miniwarehouses and Self-Storage Units,,"21,230","1,072",278,141,36,19,4,1,2,"22,783"
531190,Lessors of Other Real Estate Property,,"22,717","2,453",796,395,109,33,8,5,3,"26,519"
531210,Offices of Real Estate Agents and Brokers,5,"305,542","25,944","12,616","8,245","2,833",740,171,54,34,"356,184"
531311,Residential Property Managers,,"4,436",834,339,214,64,21,2,,1,"5,911"
531312,Nonresidential Property Managers,,"140,615","3,985","1,053",554,232,102,16,8,6,"146,571"
531320,Offices of Real Estate Appraisers,,"18,968","1,686",618,199,48,16,4,2,1,"21,542"
531390,Other Activities Related to Real Estate,1,"4,274",624,384,199,74,32,10,4,1,"5,603"
532111,Passenger Car Rental,,"9,152","3,391","1,144","1,145",164,79,15,12,6,"15,108"
532112,Passenger Car Leasing,,527,187,72,57,28,18,3,4,,896
532120,"Truck, Utility Trailer, and RV (Recreational Vehicle) Rental and Leasing",,"16,499","2,641","1,114",633,157,67,12,7,7,"21,137"
532210,Consumer Electronics and Appliances Rental,,"3,224","2,696",184,83,20,6,2,,,"6,215"
532281,Formal Wear and Costume Rental,,"1,396",276,83,35,22,5,,,,"1,817"
532282,Video Tape and Disc Rental,,"3,554",934,268,112,11,6,,3,2,"4,890"
532283,Home Health Equipment Rental,1,957,638,423,219,63,35,4,2,2,"2,344"
532284,Recreational Goods Rental,,"1,488",291,162,88,11,9,3,,1,"2,053"
532289,All Other Consumer Goods Rental,,"10,069","2,020","1,312",692,152,62,12,3,1,"14,323"
532310,General Rental Centers,,433,228,134,54,5,1,,,,855
532411,"Commercial Air, Rail, and Water Transportation Equipment Rental and Leasing",,951,139,83,64,22,17,1,4,1,"1,282"
532412,"Construction, Mining, and Forestry Machinery and Equipment Rental and Leasing",,"2,640",960,"1,010",650,180,81,12,1,1,"5,535"
532420,Office Machinery and Equipment Rental and Leasing,,352,109,73,51,16,11,2,,,614
532490,Other Commercial and Industrial Machinery and Equipment Rental and Leasing,1,"36,864","2,007","1,318",706,182,60,13,8,3,"41,162"
533110,Lessors of Nonfinancial Intangible Assets (except Copyrighted Works),,"2,793",366,177,126,48,34,15,1,8,"3,568"
541110,Offices of Lawyers,3,"270,247","31,097","14,028","7,732","2,381","1,084",278,97,31,"326,978"
541120,Offices of Notaries,,"6,074",134,45,16,5,3,,1,,"6,278"
541191,Title Abstract and Settlement Offices,1,"7,610","2,360",874,422,64,21,6,1,,"11,359"
541199,All Other Legal Services,,"4,751",344,163,91,24,20,2,2,,"5,397"
541211,Offices of Certified Public Accountants,2,"54,543","8,743","3,486","1,728",579,271,79,28,11,"69,470"
541213,Tax Preparation Services,,"55,450","3,259","2,547",552,80,33,7,1,3,"61,932"
541214,Payroll Services,1,"2,088",401,197,196,61,35,13,4,7,"3,003"
541219,Other Accounting Services,,"42,152","3,765","1,508",818,240,107,47,13,22,"48,672"
541310,Architectural Services,,"28,582","5,117","2,812","1,692",487,197,39,7,3,"38,936"
541320,Landscape Architectural Services,,"74,573","4,955","2,273","1,388",377,125,17,4,,"83,712"
541330,Engineering Services,2,"62,806","13,452","8,485","6,982","2,746","1,187",279,114,73,"96,126"
541340,Drafting Services,,"1,479",119,54,12,5,3,,1,1,"1,674"
541350,Building Inspection Services,,"6,923",398,145,82,21,8,1,1,,"7,579"
541370,Surveying and Mapping (except Geophysical) Services,,"8,710","2,322","1,209",587,90,40,7,,,"12,965"
541380,Testing Laboratories,2,"8,838","2,034","1,222",984,325,162,30,8,14,"13,619"
541410,Interior Design Services,,"31,400","2,210",730,373,84,32,2,,1,"34,832"
541420,Industrial Design Services,,"1,318",265,124,65,23,9,1,,,"1,805"
541430,Graphic Design Services,,"31,536","2,214",984,559,106,51,5,,1,"35,456"
541490,Other Specialized Design Services,,"1,420",183,108,56,16,11,,,1,"1,795"
541511,Custom Computer Programming Services,6,"80,202","11,849","6,976","4,909","1,940","1,066",239,81,49,"107,317"
541512,Computer Systems Design Services,1,"65,672","9,419","5,941","4,229","1,727",865,205,84,48,"88,191"
541513,Computer Facilities Management Services,,721,153,99,86,37,25,13,7,,"1,141"
541519,Other Computer Related Services,,"3,291",692,449,314,171,68,19,4,3,"5,011"
541611,Administrative Management and General Management Consulting Services,2,"158,426","13,425","6,801","4,215","1,633",768,207,102,70,"185,649"
541612,Human Resources Consulting Services,,"10,787","1,448",863,589,222,145,40,16,18,"14,128"
541613,Marketing Consulting Services,1,"50,743","3,714","2,081","1,261",433,202,52,20,14,"58,521"
541614,"Process, Physical Distribution, and Logistics Consulting Services",,"2,279",425,218,165,61,26,6,4,1,"3,185"
541618,Other Management Consulting Services,,"302,229","9,465","3,713","1,984",660,237,63,24,13,"318,388"
541620,Environmental Consulting Services,,"16,646","3,013","1,864","1,289",303,97,18,6,4,"23,240"
541690,Other Scientific and Technical Consulting Services,1,"33,598","4,294","2,516","1,579",496,217,56,11,11,"42,779"
541714,Research and Development in Biotechnology (except Nanobiotechnology),,"2,869",784,377,288,87,54,4,6,2,"4,471"
541715,"Research and Development in the Physical, Engineering, and Life Sciences (except Nanotechnology and Biotechnology)",1,"16,549","3,139","1,482","1,229",613,377,139,64,69,"23,662"
541720,Research and Development in the Social Sciences and Humanities,,"11,339","1,800",927,631,265,153,74,22,25,"15,236"
541810,Advertising Agencies,,"16,529","2,931","1,922","1,325",496,227,49,21,15,"23,515"
541820,Public Relations Agencies,,"12,844","1,554",892,512,167,80,12,6,6,"16,073"
541830,Media Buying Agencies,,492,109,75,39,34,21,4,1,3,778
541840,Media Representatives,,"2,457",480,311,188,79,40,10,6,2,"3,573"
541850,Outdoor Advertising,,"1,600",337,289,231,45,22,4,5,1,"2,534"
541860,Direct Mail Advertising,,"2,996",653,492,418,173,99,30,16,3,"4,880"
541870,Advertising Material Distribution Services,,745,129,73,50,14,16,4,2,,"1,033"
541890,Other Services Related to Advertising,,"8,996","1,188",510,258,57,24,7,4,1,"11,045"
541910,Marketing Research and Public Opinion Polling,,"9,245","1,405",936,751,300,195,59,31,13,"12,935"
541921,"Photography Studios, Portrait",1,"84,966",992,371,217,42,12,11,4,,"86,616"
541922,Commercial Photography,,"15,235",474,160,85,21,12,1,1,,"15,989"
541930,Translation and Interpretation Services,,"5,357",322,188,134,44,25,7,4,,"6,081"
541940,Veterinary Services,,"24,497","13,070","6,133","2,911",177,36,14,4,3,"46,845"
541990,"All Other Professional, Scientific, and Technical Services",1,"202,708","5,758","2,199","1,078",262,112,33,14,14,"212,179"
551111,Offices of Bank Holding Companies,"1,171",563,102,94,134,65,28,5,6,4,"2,172"
551112,Offices of Other Holding Companies,"46,215","19,769","1,266",613,465,299,164,101,53,53,"68,998"
561110,Office Administrative Services,2,"126,703","14,571","5,263","3,549","1,524",995,314,165,171,"153,257"
561210,Facilities Support Services,,"2,705",641,452,404,225,194,77,17,16,"4,731"
561311,Employment Placement Agencies,,"22,813","3,622","1,773","1,422",754,500,162,93,82,"31,221"
561312,Executive Search Services,,"5,191","1,689",962,617,224,116,35,20,18,"8,872"
561320,Temporary Help Services,,"13,138","3,086","1,525","1,127",572,423,170,97,60,"20,198"
561330,Professional Employer Organizations,,258,88,68,83,39,32,5,9,12,594
561410,Document Preparation Services,,"3,875",144,87,54,11,10,,,1,"4,182"
561421,Telephone Answering Services,,"4,358",382,411,331,98,50,28,12,5,"5,675"
561422,Telemarketing Bureaus and Other Contact Centers,,588,116,108,116,80,129,80,56,13,"1,286"
561431,Private Mail Centers,,"5,778","1,301",157,76,24,9,14,11,2,"7,372"
561439,Other Business Service Centers (including Copy Shops),,"1,048",132,45,27,10,8,46,1,,"1,317"
561440,Collection Agencies,,"2,398",873,610,531,194,155,41,30,8,"4,840"
561450,Credit Bureaus,,711,186,126,113,46,33,12,4,5,"1,236"
561491,Repossession Services,1,"1,383",333,198,79,31,11,5,1,1,"2,043"
561492,Court Reporting and Stenotype Services,,"5,962",490,291,156,26,9,4,2,1,"6,941"
561499,All Other Business Support Services,2,"180,835","4,593","1,944","1,295",516,239,80,33,19,"189,556"
561510,Travel Agencies,1,"39,954","3,330","1,268",615,186,75,28,6,16,"45,479"
561520,Tour Operators,,"8,952",654,342,211,71,32,14,5,3,"10,284"
561591,Convention and Visitors Bureaus,,956,176,79,40,12,1,,,,"1,264"
561599,All Other Travel Arrangement and Reservation Services,,"1,995",534,432,288,88,57,19,8,4,"3,425"
561611,Investigation Services,1,"8,107",980,368,230,86,54,12,5,1,"9,844"
561612,Security Guards and Patrol Services,,"12,173","1,818",973,943,593,772,213,86,43,"17,614"
561613,Armored Car Services,,"2,312",178,141,249,111,60,8,1,3,"3,063"
561621,Security Systems Services (except Locksmiths),1,"10,362","2,528","1,269",937,366,169,38,17,8,"15,695"
561622,Locksmiths,,"8,979",968,279,69,11,2,,,,"10,308"
561710,Exterminating and Pest Control Services,,"21,929","2,946","1,832","1,150",163,31,4,4,1,"28,060"
561720,Janitorial Services,,"83,662","10,029","5,022","3,545","1,231",785,251,123,83,"104,731"
561730,Landscaping Services,2,"121,656","8,569","4,712","2,796",709,260,42,7,3,"138,756"
561740,Carpet and Upholstery Cleaning Services,,"13,262","1,378",693,355,52,18,2,,1,"15,761"
561790,Other Services to Buildings and Dwellings,,"104,889","2,252","1,095",477,88,35,7,2,1,"108,846"
561910,Packaging and Labeling Services,,"1,686",406,302,273,142,113,27,13,6,"2,968"
561920,Convention and Trade Show Organizers,,"2,221",516,354,283,117,61,15,19,7,"3,593"
561990,All Other Support Services,1,"725,014","15,119","4,219","2,331",650,239,66,23,17,"747,679"
562111,Solid Waste Collection,,"1,047",286,211,190,70,31,7,1,2,"1,845"
562112,Hazardous Waste Collection,,104,45,45,49,14,1,1,1,,260
562119,Other Waste Collection,,127,53,37,39,12,1,,,1,270
562211,Hazardous Waste Treatment and Disposal,,"1,725",629,449,720,185,78,16,4,2,"3,808"
562212,Solid Waste Landfill,,"3,081","1,019",770,765,247,134,15,4,2,"6,037"
562213,Solid Waste Combustors and Incinerators,,12,5,6,10,2,2,,,,37
562219,Other Nonhazardous Waste Treatment and Disposal,,"2,930",537,328,428,166,66,8,3,3,"4,469"
562910,Remediation Services,,"1,513",420,421,353,133,53,10,3,2,"2,908"
562920,Materials Recovery Facilities,1,"7,220","1,961","1,356",970,315,92,14,3,1,"11,933"
562991,Septic Tank and Related Services,,"9,897","1,341",637,364,82,25,2,2,,"12,350"
562998,All Other Miscellaneous Waste Management Services,,924,137,78,53,15,11,3,3,,"1,224"
611110,Elementary and Secondary Schools,112,"26,714","51,211","17,857","43,556","53,477","18,007","1,767",460,254,"213,415"
611210,Junior Colleges,3,"1,239","1,259",504,546,377,502,292,187,79,"4,988"
611310,"Colleges, Universities, and Professional Schools",11,"7,323","9,411","4,872","5,822","4,285","3,662","1,132",562,470,"37,550"
611410,Business and Secretarial Schools,1,315,333,100,82,31,24,8,4,1,899
611420,Computer Training,,"2,896",420,291,177,64,24,7,4,2,"3,885"
611430,Professional and Management Development Training,,295,32,19,10,5,1,1,,,363
611511,Cosmetology and Barber Schools,,"1,852",516,297,108,15,2,,,,"2,790"
611512,Flight Training,,771,165,137,100,34,15,3,2,,"1,227"
611513,Apprenticeship Training,,227,74,59,48,11,12,1,,,432
611519,Other Technical and Trade Schools,,"5,627","1,238",882,728,295,138,34,12,10,"8,964"
611610,Fine Arts Schools,1,"23,259","2,513","1,259",508,124,58,21,5,1,"27,749"
611620,Sports and Recreation Instruction,6,"39,226","2,497","1,500",874,152,39,5,5,1,"44,305"
611630,Language Schools,,"1,894",236,150,118,25,16,2,2,1,"2,444"
611691,Exam Preparation and Tutoring,33,"6,395","1,108",401,237,57,22,8,4,4,"8,269"
611692,Automobile Driving Schools,,"4,128",829,328,146,19,5,1,,1,"5,457"
611699,All Other Miscellaneous Schools and Instruction,2,"36,855","5,829","3,051","2,029",766,368,91,37,20,"49,048"
611710,Educational Support Services,1,"8,528",872,494,314,96,47,16,2,7,"10,377"
621111,Offices of Physicians (except Mental Health Specialists),18,"315,258","76,493","31,287","18,696","4,430","1,784",538,229,133,"448,866"
621112,"Offices of Physicians, Mental Health Specialists",1,"13,929","3,466","1,419",857,380,230,124,179,126,"20,711"
621210,Offices of Dentists,,"126,233","64,926","14,735","2,752",201,51,29,8,6,"208,941"
621310,Offices of Chiropractors,,"57,485","6,956","1,038",151,9,5,2,,,"65,646"
621320,Offices of Optometrists,,"22,896","6,539","1,784",408,39,19,3,,1,"31,689"
621330,Offices of Mental Health Practitioners (except Physicians),,"32,112","1,632",498,220,48,31,4,,,"34,545"
621340,"Offices of Physical, Occupational and Speech Therapists, and Audiologists",,"28,396","5,195","2,459","1,121",158,64,25,13,7,"37,438"
621391,Offices of Podiatrists,,"11,648","2,351",545,93,4,1,,1,,"14,643"
621399,Offices of All Other Miscellaneous Health Practitioners,,"89,427","9,804",545,316,90,45,18,5,4,"100,254"
621410,Family Planning Centers,,"2,969","1,238",433,275,126,84,48,13,7,"5,193"
621420,Outpatient Mental Health and Substance Abuse Centers,6,"4,528","3,504","1,389","1,272",556,361,89,20,8,"11,733"
621491,HMO Medical Centers,,644,200,111,100,54,42,18,15,6,"1,190"
621492,Kidney Dialysis Centers,12,"1,549","3,099","2,189","2,883",205,31,13,1,4,"9,986"
621493,Freestanding Ambulatory Surgical and Emergency Centers,,"1,881",415,362,426,156,37,6,3,3,"3,289"
621498,All Other Outpatient Care Centers,102,"13,461","20,207","2,412","1,584",593,347,88,31,21,"38,846"
621511,Medical Laboratories,1,"7,256","3,510","1,428","1,124",336,217,93,43,18,"14,026"
621512,Diagnostic Imaging Centers,,"2,373",396,186,128,54,19,4,2,4,"3,166"
621610,Home Health Care Services,64,"14,301","21,272","5,338","4,784","2,490","1,147",341,146,69,"49,952"
621910,Ambulance Services,,"2,512",800,938,"1,726",596,260,58,17,5,"6,912"
621991,Blood and Organ Banks,,"5,629","2,229",699,559,260,184,58,19,13,"9,650"
621999,All Other Miscellaneous Ambulatory Health Care Services,,"114,327","17,288","2,230","1,182",508,199,61,28,12,"135,835"
622110,General Medical and Surgical Hospitals,19,"6,601","9,908","3,829","3,529","1,929","2,344","1,591","1,219","1,489","32,458"
622210,Psychiatric and Substance Abuse Hospitals,1,"1,158","1,608",560,438,233,258,119,58,37,"4,470"
622310,Specialty (except Psychiatric and Substance Abuse) Hospitals,1,629,997,381,274,116,122,60,35,34,"2,649"
623110,Nursing Care Facilities (Skilled Nursing Facilities),28,"6,607","11,438","4,826","3,351","4,738","3,891",552,171,80,"35,682"
623210,Residential Intellectual and Developmental Disability Facilities,1,439,524,485,325,152,96,37,13,5,"2,077"
623220,Residential Mental Health and Substance Abuse Facilities,1,"2,031","1,088","1,063",945,406,324,89,28,2,"5,977"
623311,Continuing Care Retirement Communities,14,"2,015","1,913","1,362","1,346","1,879","2,580",305,56,19,"11,489"
623312,Assisted Living Facilities for the Elderly,1,"3,619","1,125","1,230","1,168",509,334,92,17,7,"8,102"
623990,Other Residential Care Facilities,,"8,896","2,297","1,956","1,816",810,426,86,35,7,"16,329"
624110,Child and Youth Services,,"5,902","1,814","1,407","1,108",424,198,43,13,4,"10,913"
624120,Services for the Elderly and Persons with Disabilities,,"12,485","3,337","2,138","1,876",752,392,80,13,6,"21,079"
624190,Other Individual and Family Services,2,"116,468","14,082","7,517","5,865","2,202","1,140",237,81,39,"147,633"
624210,Community Food Services,,749,144,112,90,38,20,,,,"1,153"
624221,Temporary Shelters,,802,355,381,307,67,12,3,,,"1,927"
624229,Other Community Housing Services,,161,36,24,18,10,1,,,1,251
624230,Emergency and Other Relief Services,,"2,012",586,467,369,100,32,2,1,2,"3,571"
624310,Vocational Rehabilitation Services,,"7,690","1,574","1,166","1,149",616,457,98,29,21,"12,800"
624410,Child Day Care Services,,"54,206","32,064","15,094","9,631","1,167",271,47,21,12,"112,513"
711110,Theater Companies and Dinner Theaters,,"2,716",336,223,151,51,43,14,2,1,"3,537"
711120,Dance Companies,,99,23,25,26,2,3,1,1,,180
711130,Musical Groups and Artists,,"8,015",724,335,158,80,40,5,1,1,"9,359"
711190,Other Performing Arts Companies,,"17,427","1,152",663,372,104,38,10,10,5,"19,781"
711211,Sports Teams and Clubs,,"5,148",418,250,169,75,88,17,4,5,"6,174"
711212,Racetracks,,"3,696",239,138,132,69,36,18,16,6,"4,350"
711219,Other Spectator Sports,,"13,832",495,256,150,52,29,11,6,1,"14,832"
711310,"Promoters of Performing Arts, Sports, and Similar Events with Facilities",,"6,088",909,544,365,125,99,28,10,8,"8,176"
711320,"Promoters of Performing Arts, Sports, and Similar Events without Facilities",,"1,364",243,115,70,20,15,5,,,"1,832"
711410,"Agents and Managers for Artists, Athletes, Entertainers, and Other Public Figures",,"7,322",861,397,262,86,61,15,8,2,"9,014"
711510,"Independent Artists, Writers, and Performers",1,"48,058","1,491",627,331,113,51,17,9,16,"50,714"
712110,Museums,,"19,469","2,253","1,371",869,312,159,45,9,6,"24,493"
712120,Historical Sites,1,"2,673",320,202,104,45,9,6,1,,"3,361"
712130,Zoos and Botanical Gardens,,"1,299",177,108,96,59,42,15,4,3,"1,803"
712190,Nature Parks and Other Similar Institutions,,"10,063",331,162,106,29,19,5,5,1,"10,721"
713110,Amusement and Theme Parks,,927,774,293,225,84,66,24,12,13,"2,418"
713120,Amusement Arcades,1,"1,769",337,133,78,15,8,1,,,"2,342"
713210,Casinos (except Casino Hotels),,381,47,27,33,31,28,31,21,22,621
713290,Other Gambling Industries,,268,83,47,64,29,23,14,4,7,539
713910,Golf Courses and Country Clubs,4,"3,462","3,491","2,798","3,462","1,828",678,64,20,9,"15,816"
713920,Skiing Facilities,,105,47,46,48,22,39,11,5,4,327
713930,Marinas,,"5,563",986,577,246,42,19,6,,,"7,439"
713940,Fitness and Recreational Sports Centers,15,"102,327","19,546","6,297","4,163","1,141",486,80,24,21,"134,100"
713950,Bowling Centers,1,"1,480","1,503",902,"1,021",152,22,4,1,2,"5,088"
713990,All Other Amusement and Recreation Industries,3,"20,039","2,728","1,718","1,106",412,190,55,18,14,"26,283"
721110,Hotels (except Casino Hotels) and Motels,2,"42,178","13,645","14,703","13,644","4,585","2,818",824,305,137,"92,841"
721120,Casino Hotels,,677,270,150,169,128,110,92,78,115,"1,789"
721191,Bed-and-Breakfast Inns,1,"13,423","2,484",975,518,100,42,6,3,1,"17,553"
721199,All Other Traveler Accommodation,,"3,949",663,297,170,69,24,6,3,1,"5,182"
721211,RV (Recreational Vehicle) Parks and Campgrounds,,"8,843","1,217",519,246,35,12,2,,,"10,874"
721214,Recreational and Vacation Camps (except Campgrounds),,"2,947",676,444,330,129,54,4,4,,"4,588"
721310,"Rooming and Boarding Houses, Dormitories, and Workers' Camps",,"1,835",327,200,121,41,13,,1,1,"2,539"
722310,Food Service Contractors,,467,396,229,452,145,79,37,14,14,"1,833"
722320,Caterers,19,"11,224","11,922","4,250","1,784",604,250,55,10,5,"30,123"
722330,Mobile Food Services,,"3,753",606,459,253,35,34,8,5,1,"5,154"
722410,Drinking Places (Alcoholic Beverages),1,"50,393","15,432","4,736","2,448",542,132,28,8,2,"73,722"
722511,Full-Service Restaurants,424,"62,867","180,819","71,779","28,974","14,862","3,974",322,103,91,"364,215"
722513,Limited-Service Restaurants,183,"41,959","114,927","66,932","54,223","7,074","1,137",230,119,43,"286,827"
722514,"Cafeterias, Grill Buffets, and Buffets",3,659,"1,087",503,211,167,53,10,1,,"2,694"
722515,Snack and Nonalcoholic Beverage Bars,1,249,684,104,23,6,1,2,1,,"1,071"
811111,General Automotive Repair,1,"132,994","15,405","3,717","1,056",183,53,12,2,2,"153,425"
811112,Automotive Exhaust System Repair,,"4,657","1,396",188,51,7,3,2,,,"6,304"
811113,Automotive Transmission Repair,,"5,841","1,522",243,61,11,1,,2,,"7,681"
811118,Other Automotive Mechanical and Electrical Repair and Maintenance,,"24,103","4,024","1,119",430,67,30,5,2,4,"29,784"
811121,"Automotive Body, Paint, and Interior Repair and Maintenance",1,"35,477","8,056","4,634","1,856",178,51,5,2,,"50,260"
811122,Automotive Glass Replacement Shops,,"5,119","1,030",336,125,11,2,2,1,1,"6,627"
811191,Automotive Oil Change and Lubrication Shops,,"3,541","1,908",816,157,26,7,3,,,"6,458"
811192,Car Washes,,"26,776","2,741","1,402","1,198",187,25,6,1,,"32,336"
811198,All Other Automotive Repair and Maintenance,,"13,381","2,249",798,418,85,45,16,6,4,"17,002"
811211,Consumer Electronics Repair and Maintenance,1,"4,456",556,229,134,23,15,6,1,1,"5,422"
811212,Computer and Office Machine Repair and Maintenance,,"11,316","1,451",585,306,85,45,14,3,,"13,805"
811213,Communication Equipment Repair and Maintenance,,899,176,82,57,16,5,2,,,"1,237"
811219,Other Electronic and Precision Equipment Repair and Maintenance,,"11,777","2,341","1,154",593,137,73,10,5,2,"16,092"
811310,Commercial and Industrial Machinery and Equipment (except Automotive and Electronic) Repair and Maintenance,,"35,676","4,442","2,222","1,313",329,141,27,18,4,"44,172"
811411,Home and Garden Equipment Repair and Maintenance,,"8,631",529,151,87,8,3,,,1,"9,410"
811412,Appliance Repair and Maintenance,1,"68,159","2,271",836,402,76,22,5,2,,"71,774"
811420,Reupholstery and Furniture Repair,,"10,663",819,252,91,10,8,1,1,,"11,845"
811430,Footwear and Leather Goods Repair,,"3,213",124,35,18,2,2,,,,"3,394"
811490,Other Personal and Household Goods Repair and Maintenance,1,"30,480","1,735",694,374,89,46,10,5,4,"33,438"
812111,Barber Shops,,"33,764","1,563",365,66,8,3,,,,"35,769"
812112,Beauty Salons,7,"207,992","18,720","6,777","1,909",206,70,8,3,3,"235,695"
812113,Nail Salons,,"55,490","3,097",690,199,23,9,,,,"59,508"
812191,Diet and Weight Reducing Centers,,"2,086",370,85,45,9,9,2,2,2,"2,610"
812199,Other Personal Care Services,9,"47,652","3,017",886,350,45,10,2,2,,"51,973"
812210,Funeral Homes and Funeral Services,,"15,052","4,940","1,983",521,56,11,7,9,2,"22,581"
812220,Cemeteries and Crematories,,"8,461","2,338","1,267",446,86,17,5,3,2,"12,625"
812310,Coin-Operated Laundries and Drycleaners,,"11,643",940,219,93,16,15,1,,,"12,927"
812320,Drycleaning and Laundry Services (except Coin-Operated),,"16,720","4,351","2,189",919,142,53,10,2,,"24,386"
812331,Linen Supply,,899,227,165,208,248,176,20,2,3,"1,948"
812332,Industrial Launderers,,309,157,145,150,212,121,16,1,1,"1,112"
812910,Pet Care (except Veterinary) Services,,"41,140","2,228",853,336,42,9,1,,,"44,609"
812921,Photofinishing Laboratories (except One-Hour),,"3,709",373,184,103,25,19,7,1,2,"4,423"
812930,Parking Lots and Garages,,"3,604","1,081",529,524,173,82,16,13,7,"6,029"
812990,All Other Personal Services,2,"88,060","3,287","1,188",654,173,84,15,11,13,"93,487"
813110,Religious Organizations,4,"273,195","48,421","17,616","11,828","2,056",578,155,47,37,"353,937"
813211,Grantmaking Foundations,,"5,622",682,264,144,45,17,5,3,1,"6,783"
813212,Voluntary Health Organizations,,458,190,190,162,73,45,9,2,4,"1,133"
813219,Other Grantmaking and Giving Services,,274,76,50,41,11,4,,,,456
813312,"Environment, Conservation and Wildlife Organizations",1,"2,608",586,389,215,50,15,4,1,1,"3,870"
813319,Other Social Advocacy Organizations,2,"38,134","5,138","2,629","1,681",633,338,73,29,19,"48,676"
813410,Civic and Social Organizations,6,"143,529","18,352","9,084","5,168","2,047",707,168,58,28,"179,147"
813910,Business Associations,1,"24,623","4,467","2,639","1,378",372,133,26,9,9,"33,657"
813920,Professional Organizations,,"23,914","5,308","1,730","1,125",461,198,40,24,5,"32,805"
813930,Labor Unions and Similar Labor Organizations,,"10,784","2,384","1,549",886,250,111,52,14,14,"16,044"
813940,Political Organizations,,"2,720",259,133,82,29,3,3,,2,"3,231"
813990,"Other Similar Organizations (except Business, Professional, Labor, and Political Organizations)",1,"58,583","7,173","2,429","1,286",324,99,19,14,3,"69,931"
921110,Executive Offices,10,"11,717","10,023","6,521","7,336","4,155","2,103",684,317,160,"43,026"
921120,Legislative Bodies,1,"2,751","2,343","1,428","1,058","1,572",263,98,39,27,"9,580"
921130,Public Finance Activities,1,"2,118","1,457","1,302","1,148",899,333,142,68,56,"7,524"
921140,"Executive and Legislative Offices, Combined",,94,57,72,60,35,20,6,7,3,354
921150,American Indian and Alaska Native Tribal Governments,,243,214,159,165,151,78,49,23,14,"1,096"
921190,Other General Government Support,4,"5,441","3,451","2,368","2,327","1,615",677,199,125,51,"16,258"
922110,Courts,,"5,456","3,517","2,696","2,208","1,758",461,119,67,21,"16,303"
922120,Police Protection,3,"4,227","2,499","3,489","4,417","2,600","1,805",675,218,77,"20,010"
922130,Legal Counsel and Prosecution,,923,827,759,775,462,334,79,29,23,"4,211"
922140,Correctional Institutions,,770,565,795,985,682,754,552,205,53,"5,361"
922150,Parole Offices and Probation Offices,,826,328,286,366,104,80,17,10,1,"2,018"
922160,Fire Protection,13,"7,436","3,116","10,079","10,425","3,369",962,241,121,29,"35,791"
922190,"Other Justice, Public Order, and Safety Activities",1,"1,044",511,608,533,288,152,53,22,16,"3,228"
923110,Administration of Education Programs,,489,323,329,304,218,169,86,30,16,"1,964"
923120,Administration of Public Health Programs,2,"1,487","1,287","1,355","1,631","1,267",855,288,116,67,"8,355"
923130,"Administration of Human Resource Programs (except Education, Public Health, and Veterans' Affairs Programs)",1,"1,621","1,444","1,664","2,218","1,418",687,255,124,58,"9,490"
923140,Administration of Veterans' Affairs,,639,361,170,147,113,68,264,17,25,"1,804"
924110,Administration of Air and Water Resource and Solid Waste Management Programs,1,"1,984","1,139",935,"1,037",809,417,148,57,32,"6,559"
924120,Administration of Conservation Programs,,"4,824","3,419","2,376","2,322","1,468",565,177,57,40,"15,248"
925110,Administration of Housing Programs,,"2,586","1,297",886,839,412,156,35,8,7,"6,226"
925120,Administration of Urban Planning and Community and Rural Development,,917,415,317,346,325,112,40,13,6,"2,491"
926110,Administration of General Economic Programs,,840,492,353,394,252,182,36,27,21,"2,597"
926120,Regulation and Administration of Transportation Programs,,"2,180","2,343","1,884","1,913","1,459",783,251,120,90,"11,023"
926130,"Regulation and Administration of Communications, Electric, Gas, and Other Utilities",,368,219,251,347,187,123,38,12,11,"1,556"
926140,Regulation of Agricultural Marketing and Commodities,,"2,060","1,845",815,840,619,106,57,11,12,"6,365"
926150,"Regulation, Licensing, and Inspection of Miscellaneous Commercial Sectors",,868,955,698,702,294,145,50,25,14,"3,751"
927110,Space Research and Technology,,44,19,12,26,23,1,1,8,4,138
928110,National Security,,"2,498","2,691","1,981","1,708","2,100","2,689","1,305",155,181,"15,308"
928120,International Affairs,4,413,473,452,385,308,92,20,10,7,"2,164"
Grand Total,,"48,987","12,625,815","2,178,304","1,076,835","743,389","303,453","162,356","41,086","15,641","9,820","17,205,686"
